YEAR,MO,DY,T2MDEW,T2M,PRECTOTCORR,RH2M,QV2M,WS10M
2018,1,1,7.21,11.98,0.12,75.38,6.35,1.28
2018,1,2,6.79,11.11,0,75.25,6.1,2.95
2018,1,3,8.13,10.29,7.44,86.81,6.77,3.52
2018,1,4,12.28,13.08,3.63,95,8.91,3.41
2018,1,5,12.02,12.8,5.69,94.88,8.73,3.2
2018,1,6,7.93,10.55,0.17,85.12,6.59,2.35
2018,1,7,7.8,8.78,0.67,93.31,6.53,2.29
2018,1,8,10.75,11.26,65.07,96.56,8.12,3.43
2018,1,9,11.21,12.05,18.09,94.56,8.36,3.86
2018,1,10,10.01,10.87,1.2,94.44,7.63,2.87
2018,1,11,10.62,11.58,0.1,93.94,7.87,1.72
2018,1,12,9.61,11.37,0.13,89.25,7.39,2.26
2018,1,13,8.27,9.94,0.02,89.62,6.77,4.08
2018,1,14,8.54,9.77,0.08,92.25,6.9,3.74
2018,1,15,9.2,10.77,0.15,90.38,7.26,1.97
2018,1,16,10.94,12.56,2.19,90.38,8.06,1.28
2018,1,17,10.51,11.7,0.04,92.38,7.87,1.94
2018,1,18,10.62,11.2,4.7,96.12,7.93,3.2
2018,1,19,5.85,9.03,0.25,81.62,5.74,3.63
2018,1,20,5.27,8.15,0,84.06,5.49,3.63
2018,1,21,7.48,9.69,2.91,86.5,6.41,2.45
2018,1,22,8.47,10.78,5.93,86.5,6.84,3.05
2018,1,23,6.91,9.4,0.04,85.38,6.16,1.71
2018,1,24,8.52,9.58,11.1,92.38,6.9,4.28
2018,1,25,6.12,9,3.28,82.62,5.86,3.8
2018,1,26,5.12,8.69,0.08,79.25,5.43,1.68
2018,1,27,6.77,10.2,0,80,6.1,1.88
2018,1,28,8.4,10.99,0.01,84.94,6.77,3.19
2018,1,29,9.68,11.4,0,89.38,7.45,3.05
2018,1,30,9.58,12.07,0.02,85.69,7.45,2.08
2018,1,31,9.3,12.2,0,82.69,7.26,2.48
2018,2,1,9.27,13.98,0,75.12,7.26,2.27
2018,2,2,10.17,15.22,0,72.62,7.75,2.6
2018,2,3,10.41,15.65,0,72.38,7.81,3.13
2018,2,4,10.63,14.88,0,76.44,7.93,2.65
2018,2,5,10.2,15.8,0,70.5,7.75,2.11
2018,2,6,6.38,14.69,0,59.06,5.98,3.96
2018,2,7,8.05,13.83,0,69.31,6.65,2.95
2018,2,8,8.22,15.37,0,64.56,6.77,1.62
2018,2,9,10.62,14.96,0,77.62,8,2.13
2018,2,10,6.04,12.33,0,69.5,6.04,4.49
2018,2,11,5.2,9.65,0.01,75.06,5.62,4.87
2018,2,12,4.55,9.31,0.01,74.81,5.31,4.16
2018,2,13,2.15,9.96,0,60.56,4.46,3.13
2018,2,14,5.37,10.15,0,74.12,5.55,3.66
2018,2,15,2.65,9.82,0,64.88,4.64,3.96
2018,2,16,3.69,11.86,0,60.75,5.07,1.78
2018,2,17,7.6,12.77,0.02,74.38,6.53,2.26
2018,2,18,4.86,9.13,0.05,76.25,5.49,7.01
2018,2,19,0.97,6.45,0.13,69.94,4.09,5.26
2018,2,20,-0.47,6.09,0.01,65.12,3.66,2.59
2018,2,21,2.28,7.69,0.51,72.25,4.52,2.33
2018,2,22,3.58,6.98,0.51,80.31,4.88,5.96
2018,2,23,-0.35,6.15,0,68.31,3.72,4.16
2018,2,24,4.6,7.23,0.02,84.31,5.25,4.62
2018,2,25,3.84,8.18,0.01,77.25,5,3.48
2018,2,26,4.38,8.76,6.73,75.5,5.25,5.4
2018,2,27,-0.74,7.84,0,58.12,3.72,4.79
2018,2,28,7.12,8.67,5,90.56,6.29,3.66
2018,3,1,8.25,10.54,28.63,86.12,6.84,7.22
2018,3,2,4.48,7.46,7.09,81.88,5.25,4.46
2018,3,3,4.59,6.69,3.87,86.56,5.25,3.41
2018,3,4,2.6,8.18,0.04,71.06,4.58,1.59
2018,3,5,2.41,8.4,0,68.5,4.52,3.23
2018,3,6,4.01,10.92,0,64.5,5.07,2.63
2018,3,7,6.68,12.57,0.52,69.75,6.16,2.87
2018,3,8,10.02,12.45,1.16,86.38,7.63,2.27
2018,3,9,9.9,11.82,0.15,88.44,7.57,2.6
2018,3,10,9.73,11.28,0.09,90.44,7.51,1.23
2018,3,11,8.72,12.77,0.04,78.44,7.02,1.86
2018,3,12,11.44,14.12,2.01,84.62,8.42,3.82
2018,3,13,10.26,12.55,13.22,86.81,7.81,4.23
2018,3,14,6.8,9.4,3.79,84.25,6.16,3.43
2018,3,15,7.03,9.05,9.77,87.38,6.29,4.95
2018,3,16,5.96,8.73,4.78,83.38,5.8,4.67
2018,3,17,5.25,8.39,2.84,81.31,5.49,2.55
2018,3,18,4.63,9.44,0,73.44,5.25,1.65
2018,3,19,5.56,10.78,0.02,72.56,5.62,2.68
2018,3,20,8.98,10.81,21.36,88.56,7.14,3.36
2018,3,21,12.32,13.34,11.95,93.5,8.97,4.34
2018,3,22,8.33,11.32,12.03,82.62,7.02,6.57
2018,3,23,5.97,9.77,0.61,78.5,5.8,4.22
2018,3,24,4.71,8.89,2.51,76.56,5.31,4.19
2018,3,25,4.87,8.96,0.35,77.06,5.37,3.96
2018,3,26,5.42,10.67,0,73.75,5.62,4.29
2018,3,27,8.05,13.65,0.03,71.25,6.71,3.82
2018,3,28,10.16,15.62,0.03,71.75,7.69,2.77
2018,3,29,10.47,17.07,0,67,7.87,2.45
2018,3,30,9.62,16.91,0,66.5,7.51,1.46
2018,3,31,10.15,14.15,0.22,79,7.69,3.02
2018,4,1,9.68,13.05,0.41,81.56,7.51,4.32
2018,4,2,9.51,13.11,0.1,80.5,7.39,4.31
2018,4,3,8.76,12.1,0.16,81.75,7.02,3.25
2018,4,4,8.89,12.2,0.04,81.81,7.08,3.21
2018,4,5,9.3,11.89,5.65,84.56,7.26,2.74
2018,4,6,12.74,13.53,35.36,94.88,9.22,4.41
2018,4,7,11.11,13.3,12.53,87.25,8.24,4.74
2018,4,8,8.84,12.3,0.12,81.44,7.02,3.95
2018,4,9,9.9,15.66,0.04,71.25,7.63,1.99
2018,4,10,10.67,12.71,0.37,87.25,8,3.85
2018,4,11,8.51,10.73,3.65,86.25,6.9,5.18
2018,4,12,5.58,10,0.14,75.25,5.62,4.91
2018,4,13,7.55,12.05,0,77.44,6.47,3.49
2018,4,14,9.23,13.65,0,77,7.2,3.09
2018,4,15,8.63,11.28,2.61,84.31,6.96,5.16
2018,4,16,6.3,8.9,5.39,84.06,5.92,4.38
2018,4,17,5.41,10.34,0.17,74.62,5.55,2.61
2018,4,18,5.43,10.19,0.01,75.06,5.62,2.94
2018,4,19,7.84,11.72,0,79.62,6.59,3.81
2018,4,20,9.44,13.52,0.02,79.12,7.32,3.4
2018,4,21,9.77,14.64,0,76.81,7.51,2.62
2018,4,22,10.21,15.48,0,75,7.81,2.51
2018,4,23,10.55,16.4,0,72.5,7.93,1.78
2018,4,24,8.82,12.73,0.01,78.94,7.08,3.12
2018,4,25,7.43,11.55,0,77.5,6.41,3.67
2018,4,26,7.23,10.99,0,78.75,6.29,4.95
2018,4,27,9.19,13.01,0.01,78.94,7.2,3.98
2018,4,28,8.88,12.56,0.07,79.44,7.08,4.23
2018,4,29,9.11,12.61,0.05,80.5,7.14,4.47
2018,4,30,8.63,12.14,0.03,80.5,6.96,3.95
2018,5,1,8.65,12.63,0,79.12,7.02,3.78
2018,5,2,9.9,13.26,0.02,81.5,7.57,2.9
2018,5,3,9.35,12.5,0.03,82.62,7.26,3.88
2018,5,4,9,14.08,0,75.06,7.08,3.07
2018,5,5,9.23,12.36,0.01,82.31,7.2,4.22
2018,5,6,9.49,12.9,0.06,81.19,7.32,4.71
2018,5,7,10.47,14.96,0.02,77.31,7.87,4.01
2018,5,8,11.19,14.22,0.33,83.31,8.24,4.55
2018,5,9,10.44,14.21,0.14,80,7.87,5.43
2018,5,10,10.44,14.49,0.03,78.94,7.87,4.64
2018,5,11,7.94,16.38,0.01,61.44,6.71,4.54
2018,5,12,8.84,16.76,0.01,62.31,7.08,3.52
2018,5,13,10.05,13.31,0.06,81.88,7.63,3.76
2018,5,14,8.97,12.76,0.02,78.5,7.08,4.31
2018,5,15,9.26,13.09,0.05,78.62,7.26,3.96
2018,5,16,9.79,13.35,0.36,80.44,7.51,3.76
2018,5,17,11.08,13.79,0.2,84.69,8.18,4.27
2018,5,18,10.74,13.89,0.22,82.38,8,4.45
2018,5,19,9.76,13.26,0.04,80.31,7.51,6.39
2018,5,20,9.9,12.7,0.06,83.69,7.57,5.45
2018,5,21,10.58,14.09,0.32,81,8,3.56
2018,5,22,10.12,12.89,0.52,83.88,7.69,4.34
2018,5,23,9.57,12.64,0.32,82.19,7.45,4.33
2018,5,24,8.93,12.37,0.12,80.38,7.08,3.74
2018,5,25,10.51,13.05,1.34,85.12,7.87,3.19
2018,5,26,10.67,14.53,0.14,79.5,7.93,3.41
2018,5,27,11.27,16.74,0.02,73.62,8.3,2.84
2018,5,28,12.26,19.1,0.01,68.62,8.91,2.45
2018,5,29,11.36,17.54,0,69.38,8.42,3.84
2018,5,30,9.05,13.08,0,77.81,7.2,7.18
2018,5,31,8.9,13.48,0.01,75.81,7.08,5.91
2018,6,1,9.62,16.08,0.02,69.69,7.45,3.17
2018,6,2,10.76,19.76,0.01,62.19,8.06,2.58
2018,6,3,11.23,17.95,0.01,67.06,8.3,3.25
2018,6,4,10.1,15.51,0.03,72.25,7.75,6.12
2018,6,5,10.06,14.28,0.07,77.56,7.69,4.91
2018,6,6,10.3,13.96,0.12,80.12,7.81,5.5
2018,6,7,9.61,14.4,0.03,75.44,7.45,5.48
2018,6,8,10.35,16.24,0.08,71.88,7.81,4.83
2018,6,9,9.34,14.45,0.07,73.75,7.32,6.04
2018,6,10,6.62,15.12,0,62.62,6.16,4.38
2018,6,11,11.29,17.83,0,69.12,8.36,3.66
2018,6,12,11.18,18.04,0,67.69,8.36,3.73
2018,6,13,10.74,17.6,0,68.31,8.06,4.84
2018,6,14,10.66,15.34,0.02,75.62,8.06,4.31
2018,6,15,10.56,13.98,0.1,80.88,8,4.86
2018,6,16,10.45,14.9,0.03,76.19,7.93,4.16
2018,6,17,11.41,15.68,0.06,77.62,8.42,3.13
2018,6,18,12.21,16.07,0.07,79.44,8.85,3.27
2018,6,19,11.09,15.6,0.14,76.94,8.24,3.77
2018,6,20,10.33,14.82,0,76.69,7.81,4.85
2018,6,21,10.08,16.23,0,71.38,7.75,3.98
2018,6,22,10.55,19.44,0,62.19,8,3.09
2018,6,23,10.02,22.37,0,52.06,7.81,3.12
2018,6,24,12.01,17.01,0.01,74,8.79,4.23
2018,6,25,11.51,15.94,0.02,76.75,8.48,4.59
2018,6,26,10.23,15.3,0.01,74.62,7.81,4.25
2018,6,27,10.95,14.75,0.02,79.56,8.18,5.23
2018,6,28,10.86,16.05,0.01,74.06,8.12,5.3
2018,6,29,10.47,18.33,0.01,64.62,7.93,3.3
2018,6,30,10.22,21.81,0,51.88,7.81,2.91
2018,7,1,12.13,17.36,0,73.44,8.85,4.06
2018,7,2,11.27,16.69,0,74.12,8.42,3.66
2018,7,3,11.73,16.33,0,76.56,8.61,3.29
2018,7,4,10.88,15.26,0,77.56,8.12,3.82
2018,7,5,11.14,17.03,0.04,71.56,8.24,2.91
2018,7,6,11.33,18.73,0.01,64.88,8.48,3.65
2018,7,7,10.19,18.3,0.01,63.25,7.93,4.73
2018,7,8,10.07,17.8,0.04,66,7.87,5.17
2018,7,9,9.93,19.29,0.02,60.88,7.75,5.03
2018,7,10,10.65,18.34,0.01,64.62,8.12,4.83
2018,7,11,11.93,17.21,0.01,74.19,8.73,3.09
2018,7,12,10.96,17.23,0.04,69.62,8.24,2.92
2018,7,13,11.71,18.89,0.01,64.94,8.61,3.35
2018,7,14,12.84,17.78,0.01,74.19,9.22,4.7
2018,7,15,11.92,16.84,0,74.88,8.67,4.77
2018,7,16,12.19,17.4,0,74.25,8.85,4.2
2018,7,17,12.42,17.3,0,75.5,9.03,3.61
2018,7,18,12.44,17.6,0,74.44,9.03,3.35
2018,7,19,11.95,16.92,0,74.75,8.73,3.74
2018,7,20,11.12,16.68,0,72.38,8.3,3.67
2018,7,21,12.76,18.01,0,72.75,9.16,3.65
2018,7,22,13.9,18.26,0.17,76.81,9.89,4.12
2018,7,23,12.6,18.58,0.06,70.69,9.09,4.28
2018,7,24,13.06,19.08,0.09,70.88,9.4,4.66
2018,7,25,12.3,19.41,0,66.69,8.97,4.41
2018,7,26,13.48,18.4,0.02,75,9.64,4.09
2018,7,27,12.53,17.67,0.02,74.19,9.09,5.12
2018,7,28,11.41,17.3,0.02,71.69,8.48,3.8
2018,7,29,11.24,15.98,0.01,74.81,8.3,4.09
2018,7,30,11.7,16.54,0.01,75.06,8.61,4.08
2018,7,31,11.25,16.28,0.01,74.56,8.36,3.77
2018,8,1,11.83,16.83,0.01,74.94,8.67,4.38
2018,8,2,11.19,16.14,0.01,74.81,8.3,4.63
2018,8,3,9.85,17.73,0,65.44,7.69,3.42
2018,8,4,9.7,18.22,0,61.25,7.75,4.55
2018,8,5,11.04,17.52,0,70.12,8.3,4.07
2018,8,6,10.29,18.66,0,63.31,7.87,3.45
2018,8,7,11.21,16.45,0,73.38,8.36,3.49
2018,8,8,11.71,16.77,0,75.38,8.61,2.88
2018,8,9,9.98,18.47,0,63.69,7.81,2.83
2018,8,10,11.4,18.87,0,65.19,8.48,3.62
2018,8,11,12.1,19.05,0,67.75,8.91,4.49
2018,8,12,12.23,17.57,0,73.88,8.91,3.7
2018,8,13,11.66,15.94,0.01,77.75,8.54,4.41
2018,8,14,12.15,16.19,0,79.19,8.85,4.86
2018,8,15,12.6,16.73,0,78.88,9.09,4.42
2018,8,16,12.26,17,0,76.38,8.91,3.78
2018,8,17,11.47,17.93,0,70.69,8.54,3.02
2018,8,18,10.37,17.94,0,66.81,8.06,3.1
2018,8,19,11.76,16.41,0,76.94,8.67,3.46
2018,8,20,12.12,15.55,0.15,81.94,8.85,3.36
2018,8,21,12.84,15.97,0.01,82.81,9.22,3.51
2018,8,22,12.36,15.93,0,80.69,8.91,2.73
2018,8,23,11.81,15.74,0,79.12,8.61,3.72
2018,8,24,11.9,15.62,0,80.25,8.67,3.52
2018,8,25,11.54,15.55,0,79.31,8.54,3.05
2018,8,26,11.52,15.26,0,79.81,8.48,3.84
2018,8,27,12.65,15.94,0.01,82.31,9.16,3.5
2018,8,28,12.26,16.02,0.01,79.88,8.85,3.31
2018,8,29,12.84,16.7,0.02,80.06,9.22,2.98
2018,8,30,13.02,17,0.01,79.69,9.34,2.97
2018,8,31,12.62,17.83,0.02,75.56,9.16,3.59
2018,9,1,12.59,17.42,0.05,76.69,9.16,3.55
2018,9,2,11.37,17.28,0.01,72.75,8.48,2.91
2018,9,3,11.83,16.33,0,77.5,8.73,3.26
2018,9,4,12.15,16.11,0,79.19,8.85,3.36
2018,9,5,11.26,15.04,0.01,80.12,8.3,3.98
2018,9,6,11.61,15.95,0,78.12,8.54,3.6
2018,9,7,9.72,17.8,0,65.31,7.75,3.2
2018,9,8,11.01,17.98,0,69.06,8.36,4.55
2018,9,9,10.35,17.85,0,67.81,8,3.74
2018,9,10,9.83,18.17,0,66.06,7.81,3.95
2018,9,11,9.97,16.52,0,70.56,7.81,5.24
2018,9,12,11.05,15.9,0,75.56,8.24,5.38
2018,9,13,11.09,15.87,0.01,76.88,8.3,4.55
2018,9,14,10.21,15.79,0.02,73.12,7.87,3.61
2018,9,15,11.26,15.17,0.01,80.06,8.36,5.26
2018,9,16,10.59,15.73,0.01,75.5,8.06,3.62
2018,9,17,11.82,15,0.02,82.06,8.67,4.17
2018,9,18,11.37,15.04,0,80.5,8.42,3.7
2018,9,19,8.55,17.36,0.01,63.94,7.14,2.91
2018,9,20,5.28,20.37,0,41.25,5.74,2.72
2018,9,21,8.78,18.48,0,58.25,7.32,2.13
2018,9,22,10.76,16.14,0,74.25,8.12,3.35
2018,9,23,10.55,15.83,0.01,75.25,8.12,3.61
2018,9,24,6.46,18.25,0.01,55.75,6.41,1.76
2018,9,25,7.8,17.55,0.01,61.25,6.96,2.27
2018,9,26,7.59,18.43,0.01,60.38,6.96,2.27
2018,9,27,10.25,16.42,0.05,71.62,8,3.38
2018,9,28,11.45,14.89,0.18,81.81,8.48,4.09
2018,9,29,12.95,16.19,0.13,82.88,9.34,3.3
2018,9,30,12.98,17.37,0.1,77.81,9.4,2.02
2018,10,1,13.03,16.94,0.67,79.81,9.4,1.7
2018,10,2,15.3,19.34,2.23,79.31,10.86,2.18
2018,10,3,15.29,17.75,5.29,86.31,10.86,2.05
2018,10,4,12.76,15.19,0.62,86.31,9.22,3.44
2018,10,5,11.04,15.85,0.06,76,8.24,3.06
2018,10,6,10.63,17.93,0.05,66.31,8.06,4.28
2018,10,7,5.94,19.34,0,43.75,5.92,5.43
2018,10,8,9.18,19.84,0,53.44,7.39,3.95
2018,10,9,11.88,16.99,0,75.94,8.73,2.34
2018,10,10,10.9,15.14,0,78.31,8.24,1.97
2018,10,11,10.8,15.52,0,76.88,8.12,2.25
2018,10,12,7.84,17.48,0,60.88,6.9,3.05
2018,10,13,8.65,16.54,0,65.06,7.26,2.34
2018,10,14,4.12,16.78,0,53.69,5.62,2.91
2018,10,15,0.22,17.18,0,37.12,4.21,3.5
2018,10,16,4.94,16.79,0,53.38,5.8,2.04
2018,10,17,8.45,15.87,0,69.44,7.14,1.74
2018,10,18,9.35,16.32,0.01,70.94,7.51,1.78
2018,10,19,7.76,17.94,0,59.69,6.9,1.56
2018,10,20,9.78,15.92,0.01,71.5,7.69,1.65
2018,10,21,10.17,14.46,0.01,80.19,7.87,2.92
2018,10,22,10.46,13.37,0.02,83.44,7.93,3.53
2018,10,23,10.49,13.55,0.01,83.12,7.93,3.36
2018,10,24,11.66,15.17,0.01,81.5,8.61,2.89
2018,10,25,10.47,16.49,0.01,73.12,8,2.45
2018,10,26,10.6,17.28,0.01,69.62,8.06,1.77
2018,10,27,13.69,16.87,0.08,83.88,9.77,3.16
2018,10,28,13.15,15.64,0.44,86.38,9.4,4.07
2018,10,29,9.81,14.72,0.01,76.06,7.63,3.98
2018,10,30,4.85,15.9,0,53.06,5.62,4.66
2018,10,31,5.23,17.7,0,46.75,5.8,3.29
2018,11,1,10.43,19.39,0,59,7.87,2.62
2018,11,2,10.05,17.98,0,64.19,7.75,1.98
2018,11,3,5.12,18.35,0,46.81,5.74,3.44
2018,11,4,7.45,15.55,0.01,64.62,6.84,3.36
2018,11,5,6.8,15.58,0,63,6.47,3.31
2018,11,6,1.61,15.49,0,44.88,4.64,2.99
2018,11,7,1.37,16.09,0,42.69,4.64,2.27
2018,11,8,-3.09,14.25,0,32.88,3.17,4.75
2018,11,9,-4.11,12.76,0,34.25,2.99,2.92
2018,11,10,-0.56,11.87,0,48.81,3.91,2
2018,11,11,-2.52,12.81,0,38.25,3.3,3.59
2018,11,12,-4.95,12.8,0,30.94,2.69,2.99
2018,11,13,-3.6,11.42,0,36.5,2.99,2.73
2018,11,14,-1.77,11.91,0,42.56,3.54,2.38
2018,11,15,-0.49,12.04,0,46.75,3.91,2.08
2018,11,16,-1.2,12.21,0,42,3.6,2.36
2018,11,17,2.36,11.12,0.13,59.31,4.7,1.72
2018,11,18,5.14,11.45,0.19,70.06,5.68,1.28
2018,11,19,1.48,12.71,0,50.25,4.39,2.11
2018,11,20,4.03,12.27,0.06,58.44,5.25,2.12
2018,11,21,12.07,13.22,19.12,93,8.85,3.52
2018,11,22,11.17,13.44,13.47,87.06,8.24,4.86
2018,11,23,13.62,14.16,15.48,96.44,9.7,4.58
2018,11,24,11.02,13.97,0.87,83.56,8.24,2.99
2018,11,25,8.37,13.71,0.01,72.19,6.9,1.17
2018,11,26,8.62,12.66,0,77.38,6.96,1.91
2018,11,27,11.94,12.53,5.47,95.44,8.73,2.56
2018,11,28,11.61,13.98,15.79,86.62,8.61,2.59
2018,11,29,10.62,13.15,17.84,84.75,8.12,7.66
2018,11,30,8.42,11.4,0.09,83.5,6.9,4.73
2018,12,1,8.7,11.24,8.01,85.25,7.02,5.53
2018,12,2,4.9,8.84,0.02,78.06,5.37,2.34
2018,12,3,3.63,7.84,0.02,76.62,4.94,4
2018,12,4,4.76,9.52,0.98,73.38,5.37,4.48
2018,12,5,7.45,9.95,4.74,85,6.47,4.34
2018,12,6,6.56,10.81,0.1,76.88,6.04,2.78
2018,12,7,6.46,10.78,0,76.56,5.98,1.52
2018,12,8,6.47,9.76,0,81.19,5.98,3
2018,12,9,5.65,7.9,0.13,86.44,5.68,2.88
2018,12,10,7.26,10.2,0.2,83.56,6.35,2.75
2018,12,11,7.19,10.35,0.06,82.12,6.41,2.92
2018,12,12,7.57,10.81,0.05,81.94,6.53,3.62
2018,12,13,5.73,9.81,0,78.31,5.74,3.68
2018,12,14,10.43,11.83,2.58,91.5,7.93,4.29
2018,12,15,11.14,12.89,0.65,89.56,8.24,3.24
2018,12,16,12.88,13.57,24.12,95.56,9.22,5.02
2018,12,17,9.16,11.17,0.43,88.19,7.2,2.38
2018,12,18,11,11.78,0.62,93.69,8.06,2.35
2018,12,19,11.23,12.59,0.09,90.62,8.24,1.88
2018,12,20,8.83,9.13,0.54,96.25,7.02,2.38
2018,12,21,8.48,10.98,2.08,85.56,6.9,2.3
2018,12,22,4.08,9.73,0,69.94,5.13,1.87
2018,12,23,7.44,11.27,0.19,77.94,6.41,1.45
2018,12,24,10.1,11.33,16.82,92.25,7.75,3.95
2018,12,25,6.95,10.01,0.62,82.94,6.23,4.22
2018,12,26,6.5,9.66,0,82.38,6.04,4.12
2018,12,27,3.57,9.21,0,70.88,4.94,5.73
2018,12,28,1.03,8.58,0,61.19,4.09,4.39
2018,12,29,5.2,10.26,0,72.12,5.55,1.73
2018,12,30,7.83,9.18,0.01,91,6.59,3.55
2018,12,31,1.42,8.28,0,65,4.27,6.52
2019,1,1,-2.55,7.38,0,51.56,3.17,3.51
2019,1,2,1.53,7.9,0,66.62,4.21,2.12
2019,1,3,2.43,6.83,0,74.75,4.52,2.96
2019,1,4,5.38,7.99,0.03,84.88,5.62,2.77
2019,1,5,8.93,10.59,8.8,89.56,7.2,7.08
2019,1,6,9.38,10.54,39.58,92.5,7.39,6.12
2019,1,7,8.69,11.07,0.18,85.81,6.96,2.7
2019,1,8,11.38,12.38,6.05,93.62,8.42,4.86
2019,1,9,11.07,12.26,5,92.44,8.18,4.64
2019,1,10,9.32,10.73,0.28,91.56,7.26,2.22
2019,1,11,9.44,10.51,5.08,93.31,7.45,3.56
2019,1,12,9.21,11.05,0.42,88.94,7.26,2.98
2019,1,13,8.08,10.35,0.03,85.75,6.71,3.55
2019,1,14,6.9,9.99,1.56,81.5,6.23,4.79
2019,1,15,9.61,10.9,16.48,91.81,7.51,4.68
2019,1,16,11.55,12.8,42.61,92.06,8.54,8.19
2019,1,17,10.55,12.3,5.4,89.25,7.93,5.32
2019,1,18,9.83,12.16,0.32,86.31,7.51,2.24
2019,1,19,11.25,13.29,0.71,87.81,8.24,1.77
2019,1,20,10.33,11.95,7.03,89.88,7.87,5.69
2019,1,21,6.88,10.26,0.13,80.5,6.16,3.95
2019,1,22,3.69,10.32,0,65.06,4.94,2.76
2019,1,23,6.34,10.61,0,76.38,5.92,1.85
2019,1,24,8.05,11.41,0,81.31,6.65,2.21
2019,1,25,6.86,10.01,0,81.5,6.16,3.14
2019,1,26,7.59,10.51,0,83.06,6.47,3.55
2019,1,27,9.59,12.37,0,84.19,7.39,2.68
2019,1,28,9.32,12.89,0.02,80.19,7.32,1.96
2019,1,29,10.55,11.88,0.15,91.56,7.93,1.59
2019,1,30,9.74,12.08,4,86.25,7.51,1.4
2019,1,31,10.87,11.84,1.38,93.44,8.12,1.95
2019,2,1,10.33,11.4,10.78,92.25,7.87,5.7
2019,2,2,9.55,12.01,20.49,85.06,7.57,8.33
2019,2,3,9,10.62,4.28,89.81,7.26,5.21
2019,2,4,6,8.37,15.66,85.12,5.92,6.66
2019,2,5,2.14,6.22,1.94,76.88,4.46,4
2019,2,6,3.73,7.62,0.02,78.38,4.94,2.55
2019,2,7,2.16,6.48,0.03,76.12,4.46,2.79
2019,2,8,5.41,6.87,8.52,91,5.62,3.23
2019,2,9,5.78,7.89,9.19,86.81,5.74,4.85
2019,2,10,3.3,6.49,2.48,81.12,4.82,4.45
2019,2,11,3.19,7.83,0.05,73.25,4.76,2.16
2019,2,12,4.94,8.17,3.17,81.19,5.43,4.41
2019,2,13,12.19,13.14,53.15,93.94,9.03,7.7
2019,2,14,9.17,11.51,24.31,85.75,7.45,7.31
2019,2,15,5.55,8.52,5.89,81.56,5.62,5.35
2019,2,16,5.36,8.43,1.73,81.56,5.55,6.09
2019,2,17,4.45,7.44,3.44,82.56,5.25,4.55
2019,2,18,1.43,7.33,0,68.44,4.21,4.48
2019,2,19,3.45,8.08,0,75.31,4.88,3.33
2019,2,20,5.74,8.5,0.41,84.06,5.74,5.59
2019,2,21,2.75,7.74,0.04,73.25,4.7,5.66
2019,2,22,1.19,7.03,0,69.5,4.15,3.23
2019,2,23,5.44,8.65,0.03,81.25,5.55,1.86
2019,2,24,6.98,9.47,0.18,85,6.16,2.67
2019,2,25,9.38,10.77,19.14,91.19,7.32,6.85
2019,2,26,11.06,12.23,37.01,92.44,8.24,8.41
2019,2,27,9.92,11.56,15.98,89.81,7.63,5.55
2019,2,28,5.39,9.23,0.25,77.69,5.55,2.59
2019,3,1,5.28,10.01,2.79,73.25,5.55,1.66
2019,3,2,10.38,11.27,18.97,94.31,7.87,2.25
2019,3,3,9.52,10.78,1.51,91.94,7.39,3.05
2019,3,4,7.66,10.12,0.25,84.94,6.47,2.59
2019,3,5,9.45,11.02,11.56,89.94,7.39,3.98
2019,3,6,10.04,11.79,12.58,89.19,7.75,5.86
2019,3,7,6.15,8.92,1.25,83.25,5.86,4.24
2019,3,8,4.28,7.98,0.07,78.12,5.13,5.3
2019,3,9,6.61,8.56,6.54,87.62,6.1,4.82
2019,3,10,6.67,9.31,2.67,84.19,6.1,2.8
2019,3,11,6.77,10.65,0.01,79.5,6.16,3.02
2019,3,12,7.1,10.19,0.03,82.19,6.29,6.75
2019,3,13,4.24,9.6,0,71.44,5.13,4.52
2019,3,14,5.44,10.58,0,72.56,5.62,3.06
2019,3,15,7.56,11.8,0,77.94,6.47,2.18
2019,3,16,9.09,12.79,0.01,81.12,7.14,1.84
2019,3,17,9.85,14.47,0.01,75.88,7.51,1.38
2019,3,18,10.37,14.55,0.01,78.19,7.87,2.34
2019,3,19,9.13,13.55,1.07,76.94,7.26,1.73
2019,3,20,8.73,11.01,10.8,86.25,7.02,4.34
2019,3,21,6.67,10.65,0.01,78.75,6.04,2.7
2019,3,22,9.98,11.04,16.69,93.25,7.57,3.55
2019,3,23,7.94,11.43,2.74,80.06,6.59,3.26
2019,3,24,7.83,11.22,0.07,80.62,6.59,1.79
2019,3,25,10.35,11.47,9.07,92.88,7.81,4.38
2019,3,26,7.8,12.23,2.1,75.5,6.65,1.96
2019,3,27,9.92,12.4,7.83,85.44,7.63,5.52
2019,3,28,8.74,11.51,3.6,83.94,6.96,3.77
2019,3,29,8.44,11.74,0.45,81.44,6.77,3.19
2019,3,30,9.05,12.39,0.03,82.31,7.14,2.93
2019,3,31,9.82,14.37,0.04,78.38,7.57,2.34
2019,4,1,11.58,13.99,0.52,86.06,8.48,1.55
2019,4,2,11.06,12.36,2.34,91.81,8.24,3.52
2019,4,3,10.35,12.51,0.47,87,7.81,2.2
2019,4,4,9.84,12.58,0.43,84.19,7.57,3.24
2019,4,5,11.19,12.98,4.55,89.12,8.24,3.54
2019,4,6,11.72,13.57,0.83,88.75,8.54,3.41
2019,4,7,13.22,15.18,0.1,88.69,9.4,2.31
2019,4,8,13.12,14.62,0.62,91,9.34,3.7
2019,4,9,8.73,12.94,0.08,77.12,6.96,6.3
2019,4,10,8.3,12.88,0,75.94,6.77,4.77
2019,4,11,8.8,12.33,0.01,79.62,7.02,5.77
2019,4,12,9.26,13.17,0,79.94,7.32,4.08
2019,4,13,9.94,13.81,0.01,79.94,7.63,2.45
2019,4,14,9,11.46,0.06,85.62,7.14,5.29
2019,4,15,8.55,10.71,2.39,87,6.96,3.68
2019,4,16,9.43,12.46,0.64,83.31,7.32,3.94
2019,4,17,10.08,13.34,0.09,82.75,7.63,2.52
2019,4,18,12.12,15.9,0.01,80.81,8.79,1.93
2019,4,19,11.83,14.44,0.07,85.25,8.67,3.24
2019,4,20,9.83,12.35,0.06,85.12,7.57,6.59
2019,4,21,10.23,13.19,0.01,84,7.75,3.7
2019,4,22,10.83,16.57,0,71.62,8.12,3.56
2019,4,23,13.1,20.01,0,66.44,9.46,2.38
2019,4,24,14.15,18.48,0,78.06,10.13,2.23
2019,4,25,11.49,14.17,0,85.06,8.48,3.56
2019,4,26,11.75,15.08,0.04,82.94,8.67,2.74
2019,4,27,11.08,13.69,0.04,85.12,8.24,3.43
2019,4,28,9.63,12.78,0,82.69,7.51,2.86
2019,4,29,10.44,12.77,0.02,86.25,7.93,3.91
2019,4,30,9.4,12.77,0.01,81.38,7.32,3.98
2019,5,1,10.07,13.76,0.01,80.38,7.69,2.95
2019,5,2,9.08,13.48,0,77,7.2,3.34
2019,5,3,9.96,13.56,0,80.88,7.63,3.11
2019,5,4,8.51,11.65,0,82.31,6.9,3.66
2019,5,5,7.8,11.33,0.21,79.88,6.59,4.88
2019,5,6,9.03,12.29,0.06,81.38,7.14,3.61
2019,5,7,10.45,13.41,0.06,83.06,7.87,3.23
2019,5,8,11.47,14.42,0.02,83.38,8.42,2.85
2019,5,9,11.25,13.74,0.04,85.38,8.36,3.59
2019,5,10,11.26,15.07,0.03,80,8.36,2.96
2019,5,11,11.06,13.86,0.13,84.12,8.24,3.3
2019,5,12,10.65,13.67,0.14,83.19,8,4.54
2019,5,13,10.67,13.37,0.04,84.44,8,4.47
2019,5,14,9.98,12.91,0.12,82.88,7.63,3.85
2019,5,15,12.24,14.12,23.09,88.69,8.91,5.44
2019,5,16,9.26,11.65,7.15,85.38,7.26,6.47
2019,5,17,8.62,12.58,0.06,77.88,6.9,4.51
2019,5,18,10.01,11.96,21.06,88.06,7.69,4.65
2019,5,19,8.73,11.76,10.25,82.62,7.08,3.55
2019,5,20,9.1,12.39,0.55,81,7.2,3.87
2019,5,21,9.91,12.67,3.28,83.75,7.63,7.2
2019,5,22,10.5,14.65,0.06,78.19,7.93,4.27
2019,5,23,11.98,15.8,0.17,79.94,8.79,2.55
2019,5,24,11.86,14.17,0.39,86.62,8.67,3.66
2019,5,25,10.26,13.04,0.12,83.88,7.81,4.48
2019,5,26,8.51,11.21,2.54,83.81,6.96,6.19
2019,5,27,10.2,12.61,0.21,85.81,7.75,3.84
2019,5,28,11.53,14.66,0.13,82.69,8.48,3.15
2019,5,29,12.21,15.28,0.23,83.06,8.91,3.63
2019,5,30,10.58,13.4,0.34,83.94,8,3.59
2019,5,31,12.62,15.89,0.02,82.5,9.22,2.66
2019,6,1,12.06,15.69,0.05,80.56,8.85,2.46
2019,6,2,11.23,14.33,0.04,82.62,8.36,3.15
2019,6,3,12.16,15.37,0.01,82.69,8.91,3.12
2019,6,4,13.37,18.07,0,76.94,9.64,2.54
2019,6,5,13.47,17.63,0.04,78.44,9.7,3.51
2019,6,6,9.87,14.04,0,77.31,7.57,7.05
2019,6,7,8.07,15.35,0,64.94,6.71,4.46
2019,6,8,8.23,18.48,0,52.75,6.84,5.04
2019,6,9,10.21,22.64,0,47.94,7.81,2.55
2019,6,10,12.55,24.58,0,50.06,9.16,2.15
2019,6,11,13.62,24.66,0,54.12,9.83,1.82
2019,6,12,13.36,21.19,0,63.06,9.58,2.71
2019,6,13,12.37,16.09,0.01,79.69,8.97,4.72
2019,6,14,12.17,15.3,0.07,82.56,8.85,4.57
2019,6,15,10.41,13.69,0.01,81.56,7.87,4.71
2019,6,16,10.74,14.25,0,80.75,8.06,3.77
2019,6,17,12.09,16.1,0.06,79,8.85,3.08
2019,6,18,13.4,16.83,0,81.31,9.64,3.27
2019,6,19,12.07,16.24,0.06,78.25,8.79,3.38
2019,6,20,11.94,16.29,0.01,77.94,8.73,3.26
2019,6,21,10.76,16.71,0,71.38,8.12,3.23
2019,6,22,10.99,19.01,0,64.56,8.18,2.94
2019,6,23,12.35,19.09,0,69,8.97,2.55
2019,6,24,11.53,16.78,0,73.56,8.48,3.8
2019,6,25,11.58,16.62,0,73.81,8.54,5.41
2019,6,26,11.08,15.21,0.03,77.56,8.24,5.72
2019,6,27,11.28,15.43,0.01,77.81,8.3,4.68
2019,6,28,11.45,16.14,0.01,76.06,8.42,3.76
2019,6,29,10.66,15.59,0.05,75.56,8,4.3
2019,6,30,11.33,15.26,0,79.19,8.36,4.34
2019,7,1,11.55,15.7,0,78.56,8.48,5.2
2019,7,2,11.65,15.98,0,77.5,8.54,5.12
2019,7,3,11.4,16.24,0.01,75.69,8.42,4.43
2019,7,4,12,16.66,0.01,76.5,8.73,3.12
2019,7,5,11.81,16.26,0.01,77.06,8.61,4.1
2019,7,6,11.3,16.3,0,75,8.36,4.25
2019,7,7,11.4,15.12,0.01,80,8.42,4.99
2019,7,8,11.76,14.94,0.01,82.31,8.61,5.37
2019,7,9,12.01,15.77,0.01,79.69,8.73,4.16
2019,7,10,13.67,17.8,0.01,78.38,9.7,3.9
2019,7,11,13.51,17.52,0.01,79.12,9.64,4.32
2019,7,12,12.65,17.28,0.01,76.44,9.16,4.11
2019,7,13,12.33,17.15,0.01,75.5,8.97,4.25
2019,7,14,12.56,17.12,0.01,76.12,9.09,4.94
2019,7,15,13.1,18.23,0,74.06,9.4,5.24
2019,7,16,12.8,17.7,0,75.69,9.28,5.25
2019,7,17,12.82,18.34,0,73.5,9.28,2.63
2019,7,18,13.05,16.59,0,80.81,9.4,4.08
2019,7,19,12.5,16.22,0,80.12,9.03,3.56
2019,7,20,12.2,16.4,0,78.44,8.85,3.54
2019,7,21,11.76,16.25,0,76.69,8.61,3.38
2019,7,22,11.2,17.78,0,69.25,8.36,3.48
2019,7,23,12.15,17.65,0,73.19,8.85,4.36
2019,7,24,10.15,19.15,0,62.44,7.93,3.09
2019,7,25,11.05,17.79,0.01,68,8.3,3.66
2019,7,26,12.36,17,0.07,76.88,8.97,3.59
2019,7,27,11.23,19.64,0.01,64.81,8.42,2.41
2019,7,28,12.35,19.5,0.01,66.5,9.03,3.66
2019,7,29,12.5,16.73,0.03,78,9.03,5.87
2019,7,30,11.94,15.98,0,78.69,8.73,5.28
2019,7,31,12.04,16.85,0,76.31,8.79,3.45
2019,8,1,13.06,16.65,0,81.06,9.34,4.77
2019,8,2,13.19,18.23,0,75.88,9.46,4.09
2019,8,3,13.15,18.58,0.01,74.06,9.46,3.17
2019,8,4,13.85,17.62,0.04,80,9.89,4.23
2019,8,5,12.51,16.98,0.03,77.19,9.09,3.7
2019,8,6,12.64,17.34,0.03,76.62,9.16,3.95
2019,8,7,11.94,16.28,0.03,78,8.73,5.84
2019,8,8,12.22,16.27,0.09,78.94,8.91,5.84
2019,8,9,13.3,17.96,0.21,76.81,9.58,4.27
2019,8,10,13.97,17.99,0.21,79.31,9.95,3.77
2019,8,11,12.41,19.41,0.13,68.94,9.03,3.64
2019,8,12,12.4,20.19,0.12,65.94,9.09,3.36
2019,8,13,12.3,20.96,0.06,63.62,9.03,2.66
2019,8,14,12.21,22.96,0,57,9.03,2.43
2019,8,15,12.54,23.26,0,56.12,9.22,2.5
2019,8,16,12.15,20.93,0,62.31,9.03,2.85
2019,8,17,13.95,17.45,0.01,81.31,10.01,3.88
2019,8,18,13.71,17.53,0.01,79.81,9.83,3.66
2019,8,19,13.12,17.07,0.01,79.69,9.4,3.98
2019,8,20,12.79,17.41,0,77.06,9.22,4.72
2019,8,21,13.66,19.75,0,72.38,9.89,4.3
2019,8,22,14.69,21.76,0.01,68.38,10.56,3.45
2019,8,23,13.51,18.28,0.01,76.38,9.77,3.07
2019,8,24,12.33,18.07,0,73.19,9.03,3.27
2019,8,25,12.23,19.17,0,68.06,8.97,3.07
2019,8,26,11.19,19.83,0,63.25,8.54,3.07
2019,8,27,11.79,19.36,0,66.69,8.85,3.53
2019,8,28,14.15,18.33,0.01,78.56,10.13,4.34
2019,8,29,14.91,18.85,0,79.94,10.56,4.55
2019,8,30,14.29,18.8,0,77.75,10.19,3.79
2019,8,31,13.8,20.34,0,71,9.95,3.82
2019,9,1,13.15,21.05,0,65.25,9.64,3.8
2019,9,2,14.65,19.01,0.02,78.56,10.44,4.24
2019,9,3,13.9,18.63,0.02,76.94,9.95,4.52
2019,9,4,13.54,18.56,0.01,75.69,9.77,3.84
2019,9,5,13.69,17.79,0.03,79.25,9.77,4.68
2019,9,6,13.72,17.44,0.03,80.94,9.77,4.14
2019,9,7,14,16.88,0.03,84.19,9.95,6.26
2019,9,8,12.65,18.2,0,73.56,9.16,4.75
2019,9,9,12.97,17.87,0,76.56,9.4,5.01
2019,9,10,12.55,17.7,0,75.69,9.16,4.06
2019,9,11,11.64,19.54,0,66.12,8.61,2.68
2019,9,12,10,22.23,0,52.88,7.93,1.62
2019,9,13,8.69,23.2,0,46.81,7.39,1.93
2019,9,14,12.51,19.44,0.14,68.38,9.28,3.43
2019,9,15,14.09,17.43,0.77,82.62,10.07,5.23
2019,9,16,12.99,17.48,2.47,78,9.46,4.12
2019,9,17,11.35,17.27,0.07,73.75,8.54,3.04
2019,9,18,13.98,17.8,0.74,80.44,10.01,4.13
2019,9,19,11.47,17.79,0.02,71.12,8.54,3.01
2019,9,20,10.87,19.78,0,61.12,8.24,3.21
2019,9,21,10,20.77,0,54.94,7.81,2.77
2019,9,22,12.51,18.19,0.02,72.38,9.16,3.34
2019,9,23,10.9,20.48,0,60.06,8.24,3.23
2019,9,24,9.2,23.82,0,43.25,7.45,2.7
2019,9,25,13.05,25.91,0,47.19,9.46,1.81
2019,9,26,15.15,20.02,0,75.12,10.8,3.82
2019,9,27,12.77,16.05,0.1,81.94,9.28,4.92
2019,9,28,8.42,15.36,0.17,68.31,7.08,6.63
2019,9,29,9.12,13.69,0.05,77.12,7.26,4.3
2019,9,30,7.89,13.28,0.03,73.81,6.77,3.57
2019,10,1,6.02,14.21,0,64.5,6.04,2.89
2019,10,2,6.38,15.54,0.01,60.69,6.23,2.24
2019,10,3,9.74,14.32,0.02,76.94,7.57,4.67
2019,10,4,7.42,15.09,0,67.31,6.59,3.75
2019,10,5,5.65,17.97,0,50.19,5.92,2.24
2019,10,6,5.51,19.66,0,43.62,5.8,2.25
2019,10,7,7.17,20.05,0,48.31,6.59,1.69
2019,10,8,10.65,17.33,0,68.88,8.24,2.91
2019,10,9,1.83,15.67,0,47.38,4.82,4.73
2019,10,10,-3.31,16.62,0,28.69,3.23,4.12
2019,10,11,-1.6,17.08,0,31.5,3.6,2.54
2019,10,12,2.35,16.61,0,45,4.88,1.71
2019,10,13,6.06,14.9,0.02,63.62,6.29,2.41
2019,10,14,7.99,14.17,0.09,73.81,7.02,2.07
2019,10,15,8.4,13.52,0.12,76.88,7.08,2.57
2019,10,16,10.9,13.28,0.19,86.25,8.18,3.25
2019,10,17,10.13,14.78,0.04,76.88,7.81,5.08
2019,10,18,10.99,13.57,0.07,85.44,8.18,3.95
2019,10,19,11.88,13.8,0.3,88.06,8.67,3.79
2019,10,20,8.76,15.65,0.03,67.75,7.14,3.51
2019,10,21,8.23,18.59,0.02,58.12,6.96,3.13
2019,10,22,6.6,20.88,0,42.06,6.16,2.84
2019,10,23,7.84,20.88,0,44.5,6.71,3.57
2019,10,24,2.22,21.55,0,30.19,4.58,3.86
2019,10,25,3.4,19.71,0,38.75,5.07,2.85
2019,10,26,6.9,18.14,0,52.69,6.41,2.51
2019,10,27,-2.6,15.26,0,31.06,3.3,7.98
2019,10,28,-2.06,13.07,0,41.81,3.66,2.91
2019,10,29,-0.78,12.69,0,49.44,4.09,3.78
2019,10,30,-5.32,12.34,0,31.94,2.75,3.45
2019,10,31,-3.13,12.9,0,40.12,3.42,2.95
2019,11,1,-0.77,14.9,0,43.31,4.03,1.6
2019,11,2,-1.06,14.64,0,37.94,3.66,2.5
2019,11,3,3.83,15.61,0,51.44,5.25,1.53
2019,11,4,5.8,15.59,0,59.06,5.98,1.52
2019,11,5,5.58,15.05,0,60.06,5.86,1.7
2019,11,6,8.17,13.65,0.01,75.75,7.02,1.8
2019,11,7,8.12,13.1,0.02,76.94,6.9,1.38
2019,11,8,6.8,12.78,0.02,72.38,6.29,2.07
2019,11,9,8.05,12.87,0.01,78.81,6.9,2.66
2019,11,10,7.6,14.23,0.01,70.81,6.71,1.84
2019,11,11,7.58,17.55,0,56.56,6.59,1.5
2019,11,12,7.94,15.88,0,64.06,6.77,1.57
2019,11,13,8.15,13.51,0.06,72.75,6.84,1.35
2019,11,14,10.8,12.54,0.06,89.19,8.06,2.66
2019,11,15,11.37,14.14,0.11,85.19,8.36,1.96
2019,11,16,9.33,14.22,0.02,76.31,7.32,2.31
2019,11,17,6.49,16.46,0,55.56,6.1,2.12
2019,11,18,8.55,15.55,0,67.19,7.02,2.63
2019,11,19,9.72,13.74,0.3,79.19,7.63,5.29
2019,11,20,4.67,14.12,0.04,55.56,5.49,5.02
2019,11,21,6.92,11.94,0.01,73.75,6.29,2.27
2019,11,22,8.9,12.19,0.17,82.31,7.08,1.64
2019,11,23,6.58,13.05,0.01,69.31,6.1,2.22
2019,11,24,6.01,12.37,0.2,70.62,5.98,2.26
2019,11,25,4.42,11.16,0.07,68.31,5.37,5.19
2019,11,26,5.74,8.81,18.04,81.62,5.8,5.93
2019,11,27,4.72,8.18,4.98,79.44,5.43,4.29
2019,11,28,3.55,6.43,0.45,82.31,4.94,3.34
2019,11,29,4.41,6.95,0.34,85,5.25,3.11
2019,11,30,6.12,7.58,12.51,90.88,5.92,6.73
2019,12,1,10.48,11.63,26.35,92.69,7.93,5.45
2019,12,2,10.96,11.94,13.76,93.88,8.12,3.88
2019,12,3,10.64,12.1,2.8,91.06,7.93,3.27
2019,12,4,10.06,10.57,9.45,96.62,7.69,3.5
2019,12,5,10.58,11.15,0.46,96.25,7.93,2.68
2019,12,6,11.46,13.77,10.17,86.38,8.42,6.14
2019,12,7,12.64,13.58,14.4,94,9.09,6.2
2019,12,8,10.42,12.07,4.1,90.25,7.87,1.96
2019,12,9,9.26,10.82,0.1,90.25,7.2,1.49
2019,12,10,8.92,10.89,4.25,88.06,7.02,1.55
2019,12,11,11.63,12.3,3.87,95.69,8.48,3.13
2019,12,12,12.49,12.93,1.72,96.62,8.97,2.5
2019,12,13,10.51,11.72,1.48,92.25,7.87,2.48
2019,12,14,8.14,10.58,0.62,85.81,6.71,5.12
2019,12,15,6.74,9.62,0.11,83.62,6.1,3.72
2019,12,16,3.5,7.9,0,76.69,4.88,3.42
2019,12,17,3.5,7.84,1.12,75.5,4.88,4.06
2019,12,18,10.05,11.18,10.8,92.94,7.69,4.77
2019,12,19,10.5,11.54,1.05,93.38,7.87,1.84
2019,12,20,9.69,11.04,0.06,91.56,7.45,2.18
2019,12,21,10.19,11.46,0.1,91.75,7.75,4.2
2019,12,22,8.61,10.5,12.14,88.06,7.02,5.5
2019,12,23,5.76,7.97,0.15,87.75,5.74,2.63
2019,12,24,6.58,8.18,0.37,90.12,6.04,2.59
2019,12,25,7.4,8.87,4.88,90.69,6.47,4.43
2019,12,26,4.49,8.21,0.02,79.31,5.25,3.84
2019,12,27,4.56,8.68,0.01,78.06,5.37,3.25
2019,12,28,5.84,9.45,0.04,80.19,5.8,1.98
2019,12,29,9.9,10.43,10.21,96.31,7.57,2.62
2019,12,30,7.85,9.5,1.14,90.06,6.59,3.48
2019,12,31,7.42,10.26,0.06,83,6.41,2.33
2020,1,1,10.18,10.83,0.08,94.25,7.75,3.41
2020,1,2,9.03,11.11,0.01,86.75,7.14,3.02
2020,1,3,8.57,10.23,0.04,88.69,6.9,2.74
2020,1,4,8.66,10.22,0.78,89.81,6.9,3.33
2020,1,5,7.55,9.19,0.01,89.69,6.35,4.16
2020,1,6,5.19,9.47,0,76.5,5.43,1.92
2020,1,7,7.62,8.74,0.4,92,6.47,2.6
2020,1,8,8.1,9.4,0.48,92.06,6.71,3.53
2020,1,9,7.77,9.72,6.1,87.94,6.59,4.23
2020,1,10,7.34,9.16,0.24,88.69,6.35,2.41
2020,1,11,7.19,9.69,0.56,85.56,6.29,4.6
2020,1,12,6.83,8.19,0.41,90.62,6.1,3.96
2020,1,13,7.61,9.68,1.33,87.69,6.47,4.2
2020,1,14,5.85,8.77,0.75,82.81,5.74,4.23
2020,1,15,5.93,8.13,0.71,86.5,5.8,2.61
2020,1,16,7,8.76,21.04,88.75,6.29,6.16
2020,1,17,4.95,8.17,0.24,81,5.37,1.88
2020,1,18,4.35,7.32,0,82.81,5.13,2.98
2020,1,19,5.31,7.06,0.01,89.12,5.55,3.78
2020,1,20,7.98,8.83,0.08,92.69,6.71,2.62
2020,1,21,10.48,10.97,5.56,95.69,7.87,4.03
2020,1,22,7.35,11.65,0.42,76.69,6.35,1.23
2020,1,23,8.98,9.82,0.08,94.44,7.08,2.33
2020,1,24,10.7,11.85,0.23,92.81,8,1.57
2020,1,25,11.71,12.84,2.52,93.06,8.54,1.7
2020,1,26,10.05,11.41,2.46,91.31,7.63,3.77
2020,1,27,9.61,10.58,0.09,91.62,7.32,3.06
2020,1,28,9.78,10.48,0.87,94.62,7.45,3.34
2020,1,29,8.96,10.39,0.04,91.12,7.08,3.54
2020,1,30,10.9,12.21,0.1,91.62,8.06,2.8
2020,1,31,9.74,13.55,0,79.25,7.45,1.51
2020,2,1,10.44,12.66,0.02,87.12,7.81,2
2020,2,2,4.85,9.23,0.02,76.75,5.49,7.35
2020,2,3,0.4,7.12,0,66.88,3.97,5.35
2020,2,4,0.69,7.3,0,66.38,4.03,4.23
2020,2,5,6.05,9.87,0,79.69,5.92,2.55
2020,2,6,8.91,11.2,0.01,86.19,7.08,2.4
2020,2,7,8.4,10.82,0.03,85.19,6.84,2.46
2020,2,8,6.51,10.33,0.01,78.75,6.04,4.34
2020,2,9,1.68,10.48,0,55.56,4.27,8.12
2020,2,10,4.55,11.59,0,63.88,5.37,4.08
2020,2,11,6.26,13.55,0,63.12,5.98,3.3
2020,2,12,6.39,13.08,0,66.56,6.04,2.09
2020,2,13,7.33,9.25,0.02,87.88,6.35,2.63
2020,2,14,6.74,10.76,0.01,78.12,6.1,1.76
2020,2,15,8.46,10.87,0.01,86.06,6.84,2.24
2020,2,16,8.69,10.84,0.1,87.62,6.96,3.98
2020,2,17,5.12,12.28,0.02,65.31,5.55,3.82
2020,2,18,4.85,11.75,0,65.94,5.43,2.35
2020,2,19,6.8,11.05,0.01,77.25,6.16,1.79
2020,2,20,6.65,12.32,0,70.56,6.1,1.53
2020,2,21,7.16,13.4,0,67.19,6.29,2.71
2020,2,22,7.55,11.84,0,76.12,6.47,3.41
2020,2,23,8.82,11.08,0,87.06,6.96,4.27
2020,2,24,6.01,12.04,0,71.25,5.86,3.67
2020,2,25,6.26,14.55,0,59.44,5.92,3.23
2020,2,26,8.11,14.64,0,67.69,6.65,2.09
2020,2,27,7.98,15.52,0,63.38,6.65,1.91
2020,2,28,8.01,13.78,0,70.31,6.65,2.29
2020,2,29,6.4,10.37,0,78.44,5.98,6.28
2020,3,1,2.98,10.05,0.02,65.06,4.76,4.95
2020,3,2,3.3,12.51,0,56.06,5,5.8
2020,3,3,8.05,14.75,0,67,6.71,2.91
2020,3,4,8.48,15.26,0,68.69,6.9,1.54
2020,3,5,8.4,10.69,0.1,85.56,6.84,2.55
2020,3,6,6.97,10.02,0.1,81.75,6.23,3.31
2020,3,7,6.67,9.6,2.37,83.19,6.1,3.18
2020,3,8,5.68,10.41,0.05,73.75,5.68,2.09
2020,3,9,6.96,12.26,0.03,72.12,6.23,2.6
2020,3,10,7.62,14.01,0.21,69.19,6.53,2.74
2020,3,11,9.84,13.9,0.13,79.38,7.57,2.09
2020,3,12,9.46,14.01,0.03,78.25,7.39,2.66
2020,3,13,8.93,11.48,0.31,85.12,7.14,4.66
2020,3,14,6.69,9.23,11.16,84.62,6.1,4.05
2020,3,15,5.1,9.29,7.23,76,5.49,4.34
2020,3,16,3.39,7.52,6.04,76.31,4.88,1.9
2020,3,17,3.94,8.74,1.2,73.12,5.07,1.86
2020,3,18,6.16,9.12,2.02,82.19,5.92,2.55
2020,3,19,6.05,10.41,0.37,76.56,5.8,1.84
2020,3,20,6.63,11.66,0.08,73,6.04,1.89
2020,3,21,7.01,12.27,0.21,72.69,6.23,1.9
2020,3,22,8.98,12.56,1.25,80.94,7.14,2.58
2020,3,23,7.51,10.46,0.21,82.5,6.47,4.73
2020,3,24,7.09,9.96,3.53,82.94,6.23,4.25
2020,3,25,4.64,8.48,1.05,78.12,5.31,3.77
2020,3,26,3.81,9.15,0.2,73,5,3.2
2020,3,27,6.26,10.04,0.02,79.25,5.92,4.54
2020,3,28,8.24,10.72,2.01,84.94,6.71,2.45
2020,3,29,8.7,11.19,1.57,85.62,6.96,3.09
2020,3,30,9.19,11.65,0.07,85.12,7.14,3.34
2020,3,31,10,12.69,0.08,84.25,7.57,4.05
2020,4,1,4.58,11.08,0,69.19,5.37,5.05
2020,4,2,3.53,11.15,0,63.88,4.94,4.72
2020,4,3,5.26,10.7,0.01,73.38,5.55,4.7
2020,4,4,9.3,10.61,9.48,91.88,7.32,4.97
2020,4,5,7.58,10.33,13.54,83.44,6.59,4.71
2020,4,6,5.07,9.24,4.13,75.25,5.43,1.03
2020,4,7,6.41,11.45,0.15,73.69,5.98,2.34
2020,4,8,9.24,12.14,0.17,83.5,7.26,2.21
2020,4,9,9.51,13.1,0.22,80,7.39,2.2
2020,4,10,9.96,12.4,0.11,85.5,7.57,3.41
2020,4,11,9.55,12.15,0.28,84.88,7.39,3.07
2020,4,12,9.87,13.3,0.12,81.31,7.57,2.62
2020,4,13,8.4,14.2,0.04,72.56,6.84,2.5
2020,4,14,6.57,15.1,0.01,64.06,6.16,3.4
2020,4,15,9.9,15.55,0.02,73.06,7.63,2.26
2020,4,16,9.64,13.12,0.08,80.81,7.45,3.13
2020,4,17,8.41,11.62,0.02,81.12,6.84,3.61
2020,4,18,7.88,12.8,0.03,73.44,6.59,3.3
2020,4,19,7.67,12.51,0.01,73.44,6.47,3.08
2020,4,20,7.62,12.2,0,75,6.47,4.11
2020,4,21,9.21,13.46,0.01,78.06,7.2,4.84
2020,4,22,11.28,15.34,0,79,8.3,4.27
2020,4,23,10.98,16.53,0.01,73.44,8.12,4.45
2020,4,24,11.1,17.66,0,69.69,8.24,4.03
2020,4,25,11.53,16.76,0,74.25,8.48,4.35
2020,4,26,9.52,15,0.03,73.44,7.45,5.16
2020,4,27,10.91,16.2,0,73.06,8.12,5.06
2020,4,28,12.19,17.58,0.01,74.12,8.79,3.55
2020,4,29,11.08,13.98,0.07,83.62,8.18,5.31
2020,4,30,7.94,14.45,0.02,69.75,6.77,5.41
2020,5,1,8.69,14.64,0.01,72.31,7.02,4.34
2020,5,2,11.33,13.95,0.05,84.75,8.3,3.73
2020,5,3,6.84,13.49,0,69.31,6.23,4.22
2020,5,4,6.86,14.41,0,66.31,6.23,3.53
2020,5,5,10.03,15.15,0.03,74.06,7.69,4.8
2020,5,6,7.22,16.61,0,60.12,6.41,4.52
2020,5,7,6.7,18.27,0,52.56,6.23,3.32
2020,5,8,9.14,18.58,0,61.12,7.32,2.84
2020,5,9,10.44,14.98,0.01,76.38,7.87,3.95
2020,5,10,8.93,13.48,0.22,77,7.14,3.95
2020,5,11,11.55,14.15,2.56,85.69,8.48,4.3
2020,5,12,10.48,13.58,1.52,83.06,7.93,4.11
2020,5,13,11.12,13.58,0.98,85.38,8.24,3.55
2020,5,14,11.31,14.13,0.18,83.62,8.3,3.38
2020,5,15,9.84,15.32,0.04,73.25,7.57,4.38
2020,5,16,11.73,15.25,1.02,80.69,8.61,4.2
2020,5,17,12.94,16.18,3.9,82.56,9.34,4.57
2020,5,18,10.32,14.26,4.81,78.69,7.87,4.1
2020,5,19,9.8,14.89,0.36,73.75,7.57,4.51
2020,5,20,10.26,15.24,0.06,74.94,7.75,3.7
2020,5,21,10.33,15.91,0.01,72.5,7.81,4.26
2020,5,22,7.73,15.54,0,65,6.65,4.75
2020,5,23,6.9,16.63,0.01,59.38,6.35,3.93
2020,5,24,9.52,18.41,0.1,62.44,7.45,3.04
2020,5,25,11.16,20.99,0.15,58,8.3,2.69
2020,5,26,12.34,21.57,0.01,60.5,8.97,2.66
2020,5,27,12.37,19.51,0.02,66.38,8.97,3.62
2020,5,28,11.37,17.03,0.05,71.88,8.42,3.62
2020,5,29,11.75,15.26,0.1,80.56,8.61,4.16
2020,5,30,12.4,16.62,1.39,77.56,8.97,3.2
2020,5,31,11.05,15.05,0.16,78.62,8.18,3.48
2020,6,1,10.81,16.69,0.04,71.31,8.06,3.05
2020,6,2,11.1,20.98,0.05,58.25,8.24,2.55
2020,6,3,11,21.14,0.01,56.81,8.24,3.09
2020,6,4,10.89,19.67,0.04,61.5,8.24,3.66
2020,6,5,10.19,14.95,0.03,75,7.81,6.96
2020,6,6,9.23,14.62,0.01,72.44,7.32,7.2
2020,6,7,7.83,14.73,0,66.81,6.65,6.27
2020,6,8,6.15,16.59,0,55.81,5.98,4.22
2020,6,9,8.52,19.04,0.01,57.62,7.02,3.15
2020,6,10,10.76,19.54,0.01,61.38,8.06,3.54
2020,6,11,11.68,17.72,0.02,70.5,8.61,4.42
2020,6,12,11.19,15.33,0.02,77.88,8.24,5.77
2020,6,13,10.11,15.33,0.01,73.62,7.69,4.55
2020,6,14,11.72,17.57,0.03,71.19,8.61,3.59
2020,6,15,11.15,16.64,0.01,71.5,8.3,6.16
2020,6,16,9.08,16.96,0,63.94,7.32,5.71
2020,6,17,6.73,19.61,0,48.88,6.29,4.34
2020,6,18,6.71,21.05,0,46.31,6.41,2.7
2020,6,19,10.93,16.94,0.03,70.19,8.18,3.67
2020,6,20,11.62,16.74,0.14,74.12,8.54,4.16
2020,6,21,12.24,17.9,0.15,71.94,8.91,4.37
2020,6,22,11.55,17.35,0.1,72.06,8.48,3.28
2020,6,23,11.86,16.92,0.19,74.75,8.67,3.7
2020,6,24,12.33,18.14,0.14,72.06,8.97,3.57
2020,6,25,12.08,17.87,0.01,71.88,8.85,3.16
2020,6,26,12.07,17.52,0.01,72.5,8.79,3.8
2020,6,27,11.82,16.08,0.01,77.19,8.67,5.02
2020,6,28,10.24,16.44,0.01,69.81,7.87,4.98
2020,6,29,8.52,18.95,0.13,55.38,7.08,3.62
2020,6,30,10.58,18.17,0.45,65.25,8.06,3.38
2020,7,1,10.52,16.73,0.01,69.88,8,3.53
2020,7,2,10.87,15.58,0.01,75.69,8.12,3.67
2020,7,3,10.35,15.72,0.01,73.25,7.87,3.99
2020,7,4,9.25,19.03,0,59.69,7.39,3.84
2020,7,5,9.16,18.57,0,60,7.39,5.09
2020,7,6,9.62,16.87,0,66.12,7.57,6.65
2020,7,7,9.06,18.44,0,60.38,7.26,4.3
2020,7,8,9.98,18.18,0,62.75,7.75,3.63
2020,7,9,9.58,19.56,0.01,58.19,7.57,3.32
2020,7,10,10.08,18.86,0,60.88,7.81,4.01
2020,7,11,9.09,18.68,0,59.44,7.45,4.12
2020,7,12,9.23,19.37,0,58.19,7.57,4.18
2020,7,13,11.65,17.06,0,72.06,8.54,4.48
2020,7,14,11.3,16.02,0,75.75,8.36,3.68
2020,7,15,11.76,16.68,0.02,75.5,8.61,3.68
2020,7,16,11.5,16.17,0.02,76,8.48,3.83
2020,7,17,11.86,16.04,0.02,78.06,8.67,3.84
2020,7,18,11.65,17.28,0.01,73.06,8.54,3.4
2020,7,19,11.96,16.46,0.02,76.56,8.73,3.95
2020,7,20,11.12,15.8,0.01,75.62,8.24,4.46
2020,7,21,11.5,15.12,0.02,80.69,8.48,3.96
2020,7,22,11.81,15.52,0.01,80.31,8.67,3.73
2020,7,23,11.69,16.15,0,76.75,8.61,3.77
2020,7,24,11.79,16.07,0.01,77.44,8.61,4.42
2020,7,25,11.22,16.15,0.02,75.25,8.3,3.45
2020,7,26,11.5,16.91,0.02,73.31,8.48,3.7
2020,7,27,11.24,17.01,0.01,71.56,8.36,4.11
2020,7,28,11,17.08,0.01,70.56,8.24,4.07
2020,7,29,11.08,16.83,0.02,71.62,8.24,3.94
2020,7,30,11.3,16.66,0.01,73.5,8.36,4.19
2020,7,31,11.33,17.26,0,72.31,8.42,4.97
2020,8,1,11.87,17.83,0,71.69,8.73,4.55
2020,8,2,11.58,18.23,0,69.25,8.54,4.34
2020,8,3,12.23,19.22,0.01,67.19,8.91,4.83
2020,8,4,12.55,17.56,0.02,75.06,9.09,4.8
2020,8,5,12.56,16.32,0.01,79.75,9.09,5.42
2020,8,6,11.73,17.61,0,72,8.61,3.55
2020,8,7,11.73,17.93,0,70.38,8.61,3.22
2020,8,8,12.28,17.64,0,73.19,8.91,3.23
2020,8,9,11.8,18.7,0.01,67.56,8.67,2.99
2020,8,10,12.1,17.87,0.01,71.38,8.79,3.59
2020,8,11,12.09,16.73,0.04,76.44,8.79,4.02
2020,8,12,11.19,16.92,0.03,72.19,8.36,3.3
2020,8,13,9.92,19.86,0,58.56,7.81,2.95
2020,8,14,10.01,25.73,0.01,41.94,7.75,2.48
2020,8,15,12.78,23.31,0.13,55.12,9.28,3.13
2020,8,16,12.79,23.19,0.55,54,9.28,3.3
2020,8,17,13.34,22.28,0.17,58.69,9.58,3.82
2020,8,18,12.83,22.59,0.18,56.88,9.28,3.71
2020,8,19,8.93,22.64,0,46.56,7.39,5.08
2020,8,20,12.23,18.7,0,69.06,8.97,4.84
2020,8,21,14.04,20.76,0,68.62,10.07,4.52
2020,8,22,13.12,19.69,0,68.75,9.46,3.14
2020,8,23,11.86,18.76,0.01,67.81,8.79,3.62
2020,8,24,11.89,18.75,0,66.44,8.79,3.22
2020,8,25,12.72,17.9,0.01,73.25,9.22,3.69
2020,8,26,12.19,16.6,0.01,76.88,8.91,4.31
2020,8,27,11.62,16.06,0.12,77.81,8.61,3.34
2020,8,28,11.93,16.1,0.04,78.31,8.73,3.25
2020,8,29,11.9,15.6,0.01,80.44,8.73,3.31
2020,8,30,11.54,15.8,0.01,78.62,8.48,2.65
2020,8,31,11.38,16.27,0.01,76.06,8.48,2.58
2020,9,1,12.05,15.83,0.01,80.5,8.79,3.17
2020,9,2,12.2,15.78,0.01,80.81,8.85,3.59
2020,9,3,12.39,16.3,0,79.69,8.97,4.51
2020,9,4,11.49,18.01,0,70,8.54,4.6
2020,9,5,8.76,22.8,0,46.25,7.2,2.02
2020,9,6,9.16,27.62,0,36,7.39,2.09
2020,9,7,10.83,24.04,0,46.5,8.3,3.2
2020,9,8,6.73,23.13,0,43.38,6.77,3.79
2020,9,9,10.57,17.87,0,68,8.42,1.73
2020,9,10,12.06,16.23,0,78.44,8.85,1.71
2020,9,11,11.99,16.8,0,77.25,8.79,2.62
2020,9,12,11.01,17.8,0,68.75,8.36,2.43
2020,9,13,12.09,16.16,0.01,78.94,8.85,3.59
2020,9,14,11.94,16.04,0.01,79.25,8.73,3.5
2020,9,15,13.52,17.35,0.01,80.25,9.7,2.99
2020,9,16,15.4,18.88,0.01,81.5,10.93,3.01
2020,9,17,14.76,19.08,0,78.5,10.5,3.6
2020,9,18,14.94,18.08,0.01,82.94,10.56,3.57
2020,9,19,13.39,19.26,0.01,72.75,9.64,3.02
2020,9,20,10.87,20.43,0,59.56,8.3,2.35
2020,9,21,12.36,18.3,0.01,72.06,9.09,3.66
2020,9,22,12.23,17.69,0.01,73.94,9.03,4.55
2020,9,23,13.4,18.48,0.02,75,9.64,4.02
2020,9,24,14.58,18.87,0.07,78.81,10.38,4.45
2020,9,25,12.31,18.13,0.03,73.5,9.03,4.41
2020,9,26,13.32,21.01,0.02,65.75,9.58,4.04
2020,9,27,8.68,24.86,0,38.88,7.08,3.19
2020,9,28,6.32,23.87,0,37.56,6.29,2.86
2020,9,29,10.8,18.54,0,65.75,8.36,2.26
2020,9,30,10.99,20.92,0,60.5,8.36,2.79
2020,10,1,8.61,22.51,0,47.31,7.39,1.84
2020,10,2,8.16,22.57,0,45.19,7.02,2.09
2020,10,3,8.26,21.69,0,48.69,7.08,3.4
2020,10,4,11.45,18.05,0,69.38,8.61,3.27
2020,10,5,6.39,19.3,0,51.75,6.41,1.98
2020,10,6,7.69,18.23,0,55.75,6.96,2.11
2020,10,7,11.4,15.79,0.02,77.44,8.48,3.52
2020,10,8,12.44,14.83,0.07,86.56,8.97,3.5
2020,10,9,12.76,15.51,0.05,85.19,9.22,2.42
2020,10,10,14.53,16.13,0.1,90.5,10.31,3.12
2020,10,11,9.44,17.59,0.02,66.06,7.57,3.87
2020,10,12,9.93,18.76,0,62.38,7.69,2.94
2020,10,13,9.81,20.54,0,55.75,7.69,3.13
2020,10,14,8.51,22.19,0,46.88,7.2,3.59
2020,10,15,3.52,23.37,0,29.31,5,3.91
2020,10,16,3.24,23.08,0,30.12,4.94,3.47
2020,10,17,5.62,23.16,0,36.25,5.86,2
2020,10,18,9.6,20.58,0,57.81,7.81,1.84
2020,10,19,10.64,18.33,0,65.69,8.18,2.1
2020,10,20,8.49,19.02,0,56.56,7.14,1.93
2020,10,21,8.44,19.8,0,53,7.14,2.29
2020,10,22,2.94,17.58,0,42.81,5.07,2.98
2020,10,23,8.01,14.69,0,72,7.08,2.82
2020,10,24,11.4,13.74,0.01,85.75,8.42,3.31
2020,10,25,4.73,15.37,0,58.44,6.04,3.95
2020,10,26,-4.78,15.49,0,28.62,2.99,5.73
2020,10,27,2.51,16.51,0,46.19,5,3.2
2020,10,28,6.24,15.72,0,62,6.29,1.76
2020,10,29,4.38,15.51,0,55.25,5.55,1.84
2020,10,30,7.39,14.23,0,70.38,6.65,2.61
2020,10,31,5.73,16.46,0,58.31,6.1,1.88
2020,11,1,3.37,17.73,0,44.31,5.13,1.84
2020,11,2,3.15,17.12,0,44.94,5.07,2.28
2020,11,3,8.92,14.31,0.05,75.56,7.39,3.61
2020,11,4,11.02,16.34,0.09,75.19,8.3,2.49
2020,11,5,11.01,18.06,0.02,68.69,8.24,2.8
2020,11,6,8.06,12.77,0.57,74.25,6.84,5.84
2020,11,7,6.01,11.23,0.07,73.12,5.92,4.38
2020,11,8,1.32,10.53,0.19,56.94,4.46,6.17
2020,11,9,-1.17,9.48,0,51.44,3.6,2.93
2020,11,10,5.47,11.04,0.19,73,5.74,2.39
2020,11,11,7.05,10.58,0.19,79.69,6.23,1.93
2020,11,12,5.09,10.55,0,74.38,5.55,1.94
2020,11,13,9.84,10.58,4.17,94.12,7.57,4.46
2020,11,14,6.48,10.15,0.06,81.38,6.04,2.54
2020,11,15,9.44,12.46,0.02,83.44,7.32,1.45
2020,11,16,9.39,13.26,0.11,77.75,7.39,3.28
2020,11,17,12.18,12.94,10.99,94.62,8.91,4.47
2020,11,18,11.34,12.59,4.85,91.88,8.36,3.8
2020,11,19,8.01,11.44,0.35,81.44,6.65,2.5
2020,11,20,3.63,11.29,0,61.44,4.94,2.84
2020,11,21,3.51,10.19,0,66.69,4.94,3.02
2020,11,22,5.81,10.23,0.04,76.94,5.86,2.9
2020,11,23,8.51,11.29,0.06,85.25,6.96,3.21
2020,11,24,7.35,11.01,0.02,80.06,6.41,2.81
2020,11,25,6.72,10.87,0.04,78.31,6.16,4.77
2020,11,26,2.11,10.57,0,59.06,4.46,5
2020,11,27,1.51,10.18,0,58.19,4.27,2.14
2020,11,28,2.84,9.93,0,63.75,4.7,2.53
2020,11,29,3.99,10.3,0,68.25,5.13,1.93
2020,11,30,6.94,10.55,0,81.75,6.23,2.66
2020,12,1,5.45,10.8,0,73.06,5.62,2.64
2020,12,2,4.51,11.11,0,66.44,5.31,2.62
2020,12,3,4.39,11.13,0,65,5.25,2.51
2020,12,4,3.68,11.55,0,61.44,4.94,2.16
2020,12,5,5.4,10.12,0.02,74.25,5.62,2.12
2020,12,6,7.51,10.89,0.03,80.12,6.47,3.08
2020,12,7,3.56,13.26,0,53.88,4.94,4.91
2020,12,8,3.57,13.15,0.02,55,4.94,2.18
2020,12,9,4.58,11.23,0.04,66.19,5.37,2.73
2020,12,10,7.16,11.6,0.1,76.38,6.35,3.8
2020,12,11,6.43,9.44,5.02,84,6.04,3.23
2020,12,12,8.9,10.82,2.71,88.56,7.14,3
2020,12,13,9.33,10.42,15.23,93.31,7.32,4.25
2020,12,14,5.99,9.17,0.6,82.88,5.8,3.39
2020,12,15,6.49,9.93,0.02,80.94,6.04,1.38
2020,12,16,8.19,9.9,2.24,89.12,6.71,2.42
2020,12,17,7.32,10.35,7.18,83,6.41,4.71
2020,12,18,4.8,9.86,0,74.12,5.37,2.92
2020,12,19,6.11,9.78,0.02,79.75,5.8,1.94
2020,12,20,6.29,10.34,0,78.06,5.86,1.89
2020,12,21,8.08,9.05,0.05,91.25,6.71,2.77
2020,12,22,4.9,9.41,0.05,76.44,5.49,3.79
2020,12,23,0.6,7.3,0,65.5,3.97,4.3
2020,12,24,1.24,6.92,0.05,68.81,4.21,4.12
2020,12,25,9.16,10.72,5.47,90.75,7.26,4.54
2020,12,26,8.52,10.61,0.96,87.75,6.9,2.98
2020,12,27,5.93,8.99,0.62,82.62,5.86,2.73
2020,12,28,5.41,8.44,0.98,82.75,5.62,3.51
2020,12,29,3.8,8.75,0.01,75.38,5.07,2.72
2020,12,30,7.17,9.76,0.84,86,6.35,2.72
2020,12,31,6.91,9.89,0.1,83.75,6.16,3.92
2021,1,1,6.28,9.65,0.41,81.5,5.98,1.94
2021,1,2,8.82,9.54,2.6,95.31,7.02,1.74
2021,1,3,8.92,9.85,0.39,94.06,7.08,1.59
2021,1,4,9.78,10.75,8.02,92.44,7.51,4.88
2021,1,5,6.49,9.58,0.13,81.81,5.98,1.7
2021,1,6,7.51,9.3,0.99,88.75,6.41,1.56
2021,1,7,7.14,8.81,0.53,89.62,6.29,2.85
2021,1,8,6.67,9.12,0.9,85.44,6.1,2.55
2021,1,9,4.74,8.89,0.01,78.25,5.37,2.8
2021,1,10,7.03,9.58,0.14,85,6.23,1.16
2021,1,11,7.53,10.65,0.01,82.5,6.41,1.39
2021,1,12,8.12,10.86,0.1,83.62,6.65,1.56
2021,1,13,11.47,12.5,0.19,91.94,8.36,1.88
2021,1,14,8.65,11.92,0.02,81.31,6.9,2.92
2021,1,15,8,12.61,0,75.81,6.59,2.36
2021,1,16,9.44,13.8,0.05,77.75,7.32,2.52
2021,1,17,7.95,14.48,0.01,68.06,6.71,2.95
2021,1,18,3.82,15.19,0,49.56,5.13,5.78
2021,1,19,-0.64,12.01,0,43,3.66,7.48
2021,1,20,2.11,11.08,0,57.5,4.52,2.49
2021,1,21,5.96,10.46,0.09,77.38,5.92,1.84
2021,1,22,7.55,9.15,4.48,90,6.53,3.84
2021,1,23,5.8,7.99,0.19,87.12,5.74,2.82
2021,1,24,6.16,7.45,3.24,89.81,5.92,5.11
2021,1,25,2.9,7.04,0.4,77.06,4.7,6.91
2021,1,26,4.41,6.31,21.61,88,5.25,6.55
2021,1,27,7.36,8.87,14.11,90.56,6.47,4.22
2021,1,28,8.17,9.73,19.59,90.25,6.84,3.08
2021,1,29,5.58,8.82,1.76,81.19,5.68,1.81
2021,1,30,6.73,9.56,0.14,84.25,6.1,2.59
2021,1,31,8.12,11.19,0.08,82.81,6.71,2.84
2021,2,1,10.19,11.52,3.25,90.75,7.75,4.7
2021,2,2,8.4,10.56,6.14,87.44,6.9,2.97
2021,2,3,6.3,8.42,0.21,87,5.92,4.08
2021,2,4,2.89,9.08,0,68.38,4.7,3.38
2021,2,5,5.22,11.64,0.01,67.06,5.55,1.69
2021,2,6,5.46,11.75,0,69.31,5.68,2.2
2021,2,7,6.37,10.88,0.03,77.75,6.04,2.45
2021,2,8,7.57,10.26,0.08,83.31,6.47,2
2021,2,9,8.03,10.41,0.33,86.44,6.71,2.95
2021,2,10,8.18,10.49,0,86.75,6.71,3.19
2021,2,11,9.55,10.28,10.06,94.88,7.39,3.69
2021,2,12,8.65,10.89,0.76,86.88,6.96,4.41
2021,2,13,8.17,10.94,1.28,84.06,6.77,5.92
2021,2,14,8.21,10.3,1.3,87.5,6.77,3.58
2021,2,15,9.62,11.55,2.56,88.62,7.45,5.04
2021,2,16,6.06,9.54,0,81.06,5.8,4.64
2021,2,17,3.48,9.7,0,69.88,4.94,3.75
2021,2,18,4.51,10.01,0.05,71.12,5.31,2.21
2021,2,19,8.94,11.19,2.26,87.06,7.08,3.61
2021,2,20,5.94,10.41,1.3,75.81,5.74,5.21
2021,2,21,4.99,10.76,0,70.62,5.43,3.77
2021,2,22,6.03,12.86,0,65.5,5.8,2.87
2021,2,23,5.31,14,0,60,5.62,4.59
2021,2,24,0.87,11.86,0.01,49.69,4.09,5.75
2021,2,25,2.95,10.99,0,62.25,4.88,3.76
2021,2,26,5.41,9.95,0,76.12,5.55,5.27
2021,2,27,3.47,9.68,0,69.06,4.88,4.84
2021,2,28,1.03,11.99,0,50.25,4.15,2.47
2021,3,1,4.37,11.12,0,66.56,5.25,2.63
2021,3,2,2.93,11.19,0,60.19,4.76,2.41
2021,3,3,5.89,10.11,0.01,78.25,5.86,3.18
2021,3,4,6.52,9.87,0.01,81.5,5.98,2.75
2021,3,5,8.62,11.15,3.13,84.94,6.96,3.64
2021,3,6,5.67,9.35,1.56,80.56,5.68,3.87
2021,3,7,5.5,9.45,0.03,79.25,5.62,3.96
2021,3,8,4.87,8.88,0.43,78.19,5.37,4.24
2021,3,9,6.15,8.83,8.01,84.5,5.86,3.84
2021,3,10,4.79,7.89,6.54,81.25,5.37,2.89
2021,3,11,3.87,8.52,1.2,75.19,5,2.93
2021,3,12,4.26,10.87,0.01,70.12,5.25,3.16
2021,3,13,5.96,9.02,0.03,81.94,5.74,4.99
2021,3,14,7.01,8.95,5.72,87.81,6.23,4.8
2021,3,15,2.89,8.01,0.61,72.12,4.7,6.36
2021,3,16,2.89,8.02,0,72.75,4.7,2.49
2021,3,17,4.25,7.98,0.06,78.5,5.13,2.44
2021,3,18,9.11,9.94,10.07,94.44,7.2,3.58
2021,3,19,7.71,10.58,0.71,84.31,6.53,3.12
2021,3,20,5.96,9.57,0.1,80.5,5.74,4.23
2021,3,21,5.14,10.26,0,75.25,5.49,4.4
2021,3,22,7.26,10.9,0.01,80.44,6.35,5.5
2021,3,23,2.76,11.99,0.04,56.75,4.7,6.05
2021,3,24,3.81,11.73,0.02,62.12,5.13,4.37
2021,3,25,6.5,11.02,0.04,76.19,6.04,4.84
2021,3,26,4.04,12.49,0,61.25,5.13,3.25
2021,3,27,6.19,14.22,0,64.69,5.92,1.55
2021,3,28,7.23,13.47,0,71.06,6.35,2.67
2021,3,29,4.21,12.42,0,63.5,5.25,4.09
2021,3,30,2.28,14.34,0,47.12,4.58,4.53
2021,3,31,4.69,16.07,0,51.12,5.31,3.22
2021,4,1,5.47,16.37,0,53.94,5.68,2.72
2021,4,2,7.13,12.03,0,75.12,6.35,3.71
2021,4,3,5.97,10.16,0.01,76.44,5.74,4.2
2021,4,4,6.39,10.67,0.01,76.38,5.92,4.02
2021,4,5,6.97,10.77,0.01,78.44,6.23,4.39
2021,4,6,7.35,11.26,0.06,79.12,6.35,3.75
2021,4,7,6.67,10.89,0.04,77.19,6.04,5.48
2021,4,8,6.69,12.13,0,74,6.1,4.73
2021,4,9,6.56,10.8,0.01,77.5,6.04,5.73
2021,4,10,6.47,12.52,0,71.19,5.98,4.34
2021,4,11,6.96,12.44,0,73.62,6.23,3.36
2021,4,12,7.27,13.21,0.02,72.44,6.41,3.16
2021,4,13,6.76,11.48,0.01,76.31,6.23,5.09
2021,4,14,6.02,12.31,0.01,70.62,5.92,2.55
2021,4,15,5.86,10.84,0,74.94,5.8,3.11
2021,4,16,7.05,11.46,0,77.25,6.29,4.09
2021,4,17,6.89,14.94,0.01,66.25,6.29,3.61
2021,4,18,5.53,16.65,0,55.19,5.74,3.38
2021,4,19,8.8,13.74,0.01,75.06,7.02,4.14
2021,4,20,8.94,12.73,0.14,79.5,7.14,5.73
2021,4,21,8.36,12.81,0.29,77.56,6.9,2.73
2021,4,22,8.55,11.63,0.23,82.31,6.96,4.17
2021,4,23,8.28,12.12,0.07,78.5,6.84,3.62
2021,4,24,7.48,11.37,0.27,78.69,6.47,4.02
2021,4,25,7.73,10.44,1.73,84.38,6.59,3.9
2021,4,26,6.17,11.09,0.02,74.5,5.92,4.23
2021,4,27,6.55,13.65,0.01,68.88,6.1,3.81
2021,4,28,7.11,16.19,0.01,62,6.35,2.85
2021,4,29,8.69,14.13,0.01,73,6.96,3.88
2021,4,30,9.11,13.3,0.05,77.69,7.14,5.05
2021,5,1,9.87,13.97,0,78,7.57,6.44
2021,5,2,8.03,15.29,0,67,6.71,5.57
2021,5,3,7.08,17.45,0,57.06,6.41,4.7
2021,5,4,8.99,17.37,0,62.94,7.2,3.44
2021,5,5,9.01,15.55,0,68.38,7.2,3.1
2021,5,6,8.89,13.35,0,76.5,7.08,5.81
2021,5,7,6.76,14.26,0,65.81,6.16,4.98
2021,5,8,4.46,18.09,0,45.06,5.37,5.3
2021,5,9,7.53,17.44,0,56.81,6.53,4.84
2021,5,10,6.66,18.26,0,54.56,6.23,3.86
2021,5,11,7.81,16.59,0,60.69,6.71,2.67
2021,5,12,8.19,14.46,0.01,69.25,6.77,3.43
2021,5,13,9.19,13.18,0.01,78.38,7.2,4.12
2021,5,14,9.34,13.39,0.05,78.38,7.32,5.34
2021,5,15,8.7,13.43,0.06,75.31,7.02,3.6
2021,5,16,9.13,12.5,0.04,80.62,7.2,4.21
2021,5,17,8.62,12.42,0.04,78.75,6.96,5.08
2021,5,18,7.61,14.38,0,68.06,6.59,6.41
2021,5,19,5.85,13.11,0,64.62,5.86,7.65
2021,5,20,3.98,12.87,0.01,60.06,5.19,6.55
2021,5,21,5.27,13.32,0.01,63.62,5.68,4.9
2021,5,22,6.41,14.21,0.02,63.88,6.04,3.11
2021,5,23,8.23,13.37,0.03,73.94,6.77,4.29
2021,5,24,8.9,15.02,0.04,70.69,7.08,4.23
2021,5,25,9.03,15.28,0.04,69.75,7.2,4.5
2021,5,26,8.02,14.65,0,68.38,6.71,4.34
2021,5,27,9.51,15.41,0,71.94,7.45,5.38
2021,5,28,9.33,14.15,0,75.19,7.32,4.8
2021,5,29,9.69,14.23,0.01,76.06,7.51,5.2
2021,5,30,9.43,17.05,0,65.25,7.45,3.44
2021,5,31,8.97,18.64,0,58.5,7.26,3.02
2021,6,1,10.29,15.78,0.02,71.44,7.81,4.14
2021,6,2,10.51,14.82,0.08,77,7.93,4.29
2021,6,3,10.38,17.49,0.03,67.56,7.93,4.15
2021,6,4,10.44,16.51,0.08,69.94,7.93,4.8
2021,6,5,9.34,16.62,0.02,66.25,7.39,4.38
2021,6,6,7.85,16.29,0.03,61.31,6.71,5.47
2021,6,7,8.04,13.96,0.01,70.62,6.77,7.1
2021,6,8,8.05,13.38,0.01,73.19,6.71,5.62
2021,6,9,8.55,13.16,0,75.81,6.9,5.68
2021,6,10,7.5,14.32,0,68.06,6.47,4.01
2021,6,11,10.24,15.55,0.01,73.75,7.81,3.88
2021,6,12,13.79,18.26,0.03,77.12,9.83,3.4
2021,6,13,13.74,17.59,0.07,79.56,9.77,4.27
2021,6,14,11.78,17.15,0.02,73.25,8.61,4.74
2021,6,15,8.86,18.18,0,62.25,7.32,5.12
2021,6,16,8.29,20.03,0,53.25,7.08,3.67
2021,6,17,8.59,21.83,0,48,7.26,3.41
2021,6,18,8.95,20.4,0,53.44,7.45,2.69
2021,6,19,11.36,16.54,0,73.5,8.42,3.55
2021,6,20,10.87,15.9,0.02,74.62,8.18,3.66
2021,6,21,11.36,15.69,0.06,77.44,8.42,3.56
2021,6,22,11.62,16.66,0.04,73.81,8.54,3.31
2021,6,23,11.19,16.45,0.02,72.81,8.3,3.21
2021,6,24,11.1,15.76,0.02,76,8.24,3.98
2021,6,25,11.33,16.47,0,74.25,8.36,4.36
2021,6,26,11.97,18.38,0,69.69,8.73,4.02
2021,6,27,12.49,17.04,0,76.12,9.09,4.79
2021,6,28,11.96,16.97,0,74.19,8.73,5.59
2021,6,29,12.23,17.98,0,71.75,8.91,5.19
2021,6,30,12.69,17,0.03,77.25,9.16,3.98
2021,7,1,12.1,16.71,0.02,76,8.79,4.22
2021,7,2,11.77,16.37,0.01,76,8.61,4.04
2021,7,3,11.45,16.19,0.01,75.44,8.42,3.81
2021,7,4,10.65,15.57,0.01,75,8,4.08
2021,7,5,10.94,15.63,0,76,8.12,4.27
2021,7,6,10.7,15.85,0,74,8,5.16
2021,7,7,10.85,16.5,0,71.94,8.12,4.64
2021,7,8,9.81,18.58,0,62.56,7.69,2.81
2021,7,9,9.48,19.55,0,56.62,7.57,3.18
2021,7,10,10.45,19.28,0.01,59.44,7.93,3.55
2021,7,11,10.8,17.08,0.02,68.12,8.12,4.02
2021,7,12,11.08,15.65,0.04,76.06,8.24,4.42
2021,7,13,11.34,15.03,0.07,79.81,8.36,3.8
2021,7,14,10.99,14.9,0.02,79.12,8.18,3.57
2021,7,15,10.28,14.48,0.01,77.56,7.81,4.15
2021,7,16,10.58,16.42,0,72.12,8,3.3
2021,7,17,11.07,17.56,0,69.62,8.24,3.14
2021,7,18,10.77,17.63,0,67.5,8.12,3.41
2021,7,19,11.02,17.73,0,68,8.24,4.16
2021,7,20,11.63,17.09,0,72.94,8.54,5.26
2021,7,21,11.05,17,0,71.06,8.24,4.88
2021,7,22,10.55,16.43,0,71.62,8,4.09
2021,7,23,9.44,17.67,0,64.88,7.57,3.16
2021,7,24,10.41,17.21,0,68.06,7.93,3.61
2021,7,25,9.9,16.56,0.01,67.5,7.69,3.9
2021,7,26,10.16,16.67,0.03,67.81,7.81,3.62
2021,7,27,9.28,19.7,0,55.56,7.39,2.61
2021,7,28,12.19,18.76,0.01,68,8.85,3.79
2021,7,29,11.43,18.58,0,65.62,8.42,4.05
2021,7,30,11.7,17.76,0,69.75,8.61,4.29
2021,7,31,12.47,16.8,0,77.19,8.97,4.21
2021,8,1,11.09,16.21,0.01,74.69,8.24,3.86
2021,8,2,9.88,16.2,0,69.88,7.63,3.66
2021,8,3,11.12,16.68,0,73.06,8.24,3.77
2021,8,4,11.49,15.79,0.01,78.06,8.48,4.74
2021,8,5,12.12,16.56,0.01,77.31,8.79,4.57
2021,8,6,12.08,19.12,0,67.56,8.85,3.15
2021,8,7,12.83,17.07,0,78.12,9.28,2.95
2021,8,8,12.74,16.76,0,78.56,9.22,3.59
2021,8,9,12.12,16.83,0.01,76.31,8.85,3.34
2021,8,10,11.09,18.27,0.01,67.88,8.36,2.97
2021,8,11,11.57,18.89,0,66.06,8.54,3.81
2021,8,12,11.84,18.51,0.01,68.19,8.73,4.64
2021,8,13,13.35,18.03,0.01,75.69,9.52,5.05
2021,8,14,13.01,18.76,0,71.75,9.34,4.37
2021,8,15,13.61,19.05,0.01,73.5,9.77,3.99
2021,8,16,13.33,19.65,0,70.12,9.64,4.89
2021,8,17,13,17.7,0.01,76,9.4,4.54
2021,8,18,10.18,18.01,0,64.81,7.93,2.95
2021,8,19,12.69,17.29,0,76.94,9.22,3.94
2021,8,20,12.89,16.01,0.01,83.25,9.28,3.13
2021,8,21,12.55,16.08,0.01,81.25,9.09,3.8
2021,8,22,11.82,15.98,0,78.75,8.67,3.45
2021,8,23,11.52,14.99,0,81.25,8.48,3.89
2021,8,24,11.08,15.2,0,78.62,8.24,3.64
2021,8,25,10.83,16.01,0,74.81,8.18,3.93
2021,8,26,9.14,19.55,0,60.75,7.57,2.97
2021,8,27,10.12,21.99,0,52.56,7.87,2.79
2021,8,28,9.46,22.68,0,49.62,7.69,1.87
2021,8,29,12.33,19.48,0.01,66.94,9.16,3.38
2021,8,30,11.8,17.99,0.01,70.69,8.79,3.59
2021,8,31,11.37,16.94,0.01,73.56,8.54,4.18
2021,9,1,11.11,15.01,0.01,79.19,8.3,4.48
2021,9,2,10.86,15.26,0.02,76.62,8.12,3.05
2021,9,3,11.3,15.63,0.01,78.06,8.36,3.02
2021,9,4,10.08,17.05,0,69.5,7.87,2.88
2021,9,5,10.18,18.4,0.01,64.81,8,3.3
2021,9,6,10.26,19.51,0,60.19,8.12,3.27
2021,9,7,11.2,20.27,0,58.94,8.48,4.14
2021,9,8,12.62,20.08,0.03,64.94,9.22,4.19
2021,9,9,12.76,18.56,0.68,71.06,9.28,4.6
2021,9,10,13.2,17.83,0.21,75.62,9.46,4.47
2021,9,11,11.96,18.12,0.1,71.06,8.79,3.81
2021,9,12,11.69,18.61,0.02,68.75,8.67,3.59
2021,9,13,10.98,18.44,0,66.81,8.3,2.93
2021,9,14,10.73,17.54,0,69.12,8.24,2.98
2021,9,15,10.71,15.04,0,78.38,8.12,3.75
2021,9,16,11.43,15.02,0.01,80.94,8.42,3.43
2021,9,17,11.13,14.66,0.03,81.19,8.24,3.73
2021,9,18,14.26,16.59,0.53,86.88,10.13,4.46
2021,9,19,11.96,17.51,0.08,73.5,8.73,4.05
2021,9,20,7.45,20.87,0,47.88,6.65,2.59
2021,9,21,9.04,21.83,0,48,7.32,2.44
2021,9,22,11.4,18.76,0.03,66.38,8.48,3.09
2021,9,23,10.54,20,0.04,62.25,8.12,2.32
2021,9,24,11.58,18.43,0.04,68.44,8.67,2.69
2021,9,25,11.95,15.56,0.13,80.88,8.73,3.41
2021,9,26,11.33,15.23,0.17,80.25,8.42,4.38
2021,9,27,14.04,16.4,0.54,86.75,9.95,4.66
2021,9,28,8.88,16.79,0,66,7.32,4.95
2021,9,29,7.79,17.06,0.01,62.94,6.9,3.38
2021,9,30,5.79,19.39,0.01,50.62,6.23,2.14
2021,10,1,7.03,20.09,0,52.19,6.77,1.6
2021,10,2,6.3,20.39,0.01,48.56,6.41,1.81
2021,10,3,7.16,20.59,0,48.81,6.65,1.65
2021,10,4,7.58,19.52,0,51.81,6.84,2.02
2021,10,5,11.4,15.29,0.06,79.69,8.48,3.92
2021,10,6,10.2,14.1,0.02,79.12,7.81,4.23
2021,10,7,9.8,13.57,0,79.06,7.57,4.44
2021,10,8,8.98,13.51,0.02,75.94,7.14,5.41
2021,10,9,9.37,15.41,0.05,72.81,7.45,2.67
2021,10,10,8.12,15.98,0,66.69,6.9,3.58
2021,10,11,2.75,14.51,0,49.62,4.82,6.89
2021,10,12,1.83,13.98,0,49.75,4.64,5.27
2021,10,13,9.13,12.97,0.61,79.5,7.26,3.7
2021,10,14,4.44,15.33,0.06,54.31,5.43,3.1
2021,10,15,3.45,17.56,0.03,44.88,5.07,1.9
2021,10,16,4.98,17.61,0,49,5.68,2.44
2021,10,17,10.58,12.96,1.49,85.88,8,4.6
2021,10,18,8.59,12.25,0.12,81.06,6.96,3.44
2021,10,19,8.69,13.35,2.13,76.31,7.08,3.84
2021,10,20,13.07,14.52,7.58,90.94,9.34,3.82
2021,10,21,14.58,16.1,5.82,90.94,10.31,4.6
2021,10,22,12.02,14.13,13.29,88,8.79,3.55
2021,10,23,12.48,14.17,8.82,89.5,9.03,4.27
2021,10,24,13.84,14.71,127.45,94.44,10.01,7.52
2021,10,25,11.33,13.26,10.59,88.44,8.42,4.24
2021,10,26,11.59,13.19,1.13,90.31,8.42,2.93
2021,10,27,14.22,16.2,0.27,88.75,10.01,1.95
2021,10,28,13.67,17.23,0,80.69,9.7,2.08
2021,10,29,13.74,16.15,0.03,86.75,9.77,2.2
2021,10,30,12.77,13.94,0.32,92.31,9.22,3.34
2021,10,31,11.31,13.65,0.34,86.5,8.36,2.36
2021,11,1,13.55,14.51,6.08,93.94,9.64,4.22
2021,11,2,11.33,15.3,0.27,78.38,8.3,1.25
2021,11,3,12.08,15.92,0.95,79.12,8.79,1.63
2021,11,4,12.8,14.92,1.15,87.88,9.16,3.84
2021,11,5,10.83,12.28,0.04,90.19,8.12,3.28
2021,11,6,10.85,12.9,0.09,87.19,8.06,3.68
2021,11,7,7.07,11.66,0,76.88,6.29,3.71
2021,11,8,7.71,11.6,12.02,78.81,6.59,3.98
2021,11,9,13.36,14.44,7.89,93.19,9.52,3.88
2021,11,10,10.04,13.31,0.07,82.81,7.63,2.3
2021,11,11,12.59,14.98,0.03,86,8.97,1.99
2021,11,12,12.99,15.01,0.02,88.19,9.28,2.33
2021,11,13,12.08,15.01,0.01,83.94,8.73,2.41
2021,11,14,12.49,13.83,0.02,90.25,8.97,2.81
2021,11,15,11.05,12.2,0.03,91.44,8.18,2.45
2021,11,16,10.42,13.09,0.05,84,7.87,2.86
2021,11,17,8.52,11.53,0,82.75,6.96,2.52
2021,11,18,8.82,10.86,0.06,87.88,7.02,1.73
2021,11,19,11.96,12.65,0.79,94.81,8.67,2.51
2021,11,20,8.47,11.95,0.06,80.94,6.9,3.23
2021,11,21,7.56,11.5,0.01,78.06,6.47,4.28
2021,11,22,7.62,11.51,0.01,78.56,6.53,3.3
2021,11,23,9.08,11.5,0,83.88,7.2,3.87
2021,11,24,4.92,10.81,0,69.38,5.43,3.92
2021,11,25,5.05,9.46,0,76.12,5.43,3.63
2021,11,26,8.22,11.74,0,80.81,6.77,2.18
2021,11,27,10.79,14.24,0,80.88,8.06,1.71
2021,11,28,11.05,14.21,0,82.06,8.18,2.14
2021,11,29,10.65,13.71,0,82.56,8,2.14
2021,11,30,9.32,13.49,0,76.81,7.32,2.35
2021,12,1,10.9,13.31,0,86.38,8.12,3.25
2021,12,2,10.44,12.61,0.04,86.88,7.87,2.03
2021,12,3,9.55,10.9,0.51,91.69,7.39,1.55
2021,12,4,9.54,10.63,0.19,91.94,7.32,2.55
2021,12,5,9.61,10.96,0.1,90.75,7.39,1.9
2021,12,6,8.92,9.69,0.63,93.94,7.08,1.83
2021,12,7,9.3,11.12,0.62,89.06,7.26,1.81
2021,12,8,9.8,10.47,0.39,95.44,7.51,1.93
2021,12,9,6.43,9.62,0.71,82.81,6.04,4.74
2021,12,10,3.98,8.51,0,76.5,5.07,2.56
2021,12,11,6.53,9.54,0.1,82.62,6.04,2.16
2021,12,12,10.6,11.23,25.19,95.81,8,5.59
2021,12,13,9.69,10.94,49.58,92.06,7.63,5.41
2021,12,14,5.06,7.31,4.28,86.12,5.49,4.03
2021,12,15,7.15,9.43,16.1,85.81,6.35,6.26
2021,12,16,8.08,9.79,4.78,89.62,6.71,2.84
2021,12,17,5.05,7.94,0.44,83.62,5.43,2.07
2021,12,18,4.01,5.78,0.02,88.94,5,3.1
2021,12,19,5.63,6.66,0.19,93.25,5.68,2.65
2021,12,20,6.33,7.87,0.21,90.56,5.98,4.48
2021,12,21,4.51,6.43,5.41,88.31,5.25,4.59
2021,12,22,8.93,9.58,17.6,96.31,7.2,2.7
2021,12,23,10.44,11.35,16.71,93.88,7.93,3.48
2021,12,24,8.19,10,8.58,88.94,6.84,4.91
2021,12,25,7.94,9.28,13.46,91.31,6.71,5.7
2021,12,26,5.58,7.73,4.3,86.38,5.68,4.7
2021,12,27,4.8,7.48,7.98,83.62,5.43,5.63
2021,12,28,4.34,6.41,4.41,87.12,5.25,2.73
2021,12,29,6.26,7.55,8.55,92.12,5.98,3.18
2021,12,30,4.76,6.42,0.17,89.69,5.37,2.87
2021,12,31,4.76,6.68,0.05,87.94,5.37,4.21
2022,1,1,1.37,6.68,0,71.06,4.21,2.41
2022,1,2,4.76,6.05,0.02,91.31,5.37,2.81
2022,1,3,9.49,10.23,4.63,95.12,7.39,5.41
2022,1,4,9.76,10.67,1.65,94.12,7.45,2.38
2022,1,5,10.5,10.83,0.56,96.88,7.81,2.08
2022,1,6,9.64,10.15,0.31,96.19,7.45,1.82
2022,1,7,9.34,10.11,1.04,94.88,7.32,3.7
2022,1,8,6.75,8.54,0.02,88.81,6.1,2.48
2022,1,9,6.6,8.26,0.01,89.06,6.04,3.7
2022,1,10,7.46,10.03,0,84.81,6.35,2.65
2022,1,11,7.21,10.48,0,81.19,6.29,1.99
2022,1,12,8.7,10.48,0,89.06,6.96,2.59
2022,1,13,9.39,10.19,0.05,93.94,7.26,2.88
2022,1,14,8.31,10.9,0,85.44,6.77,2.98
2022,1,15,7.19,10.53,0,80.31,6.29,3.33
2022,1,16,7.55,10.19,0.01,84.12,6.47,2.77
2022,1,17,7.51,10.44,0,83.19,6.47,2.3
2022,1,18,8.28,9.93,0.03,89.81,6.77,2.02
2022,1,19,8.26,10.55,0.02,87.12,6.77,2.05
2022,1,20,7.98,11,0,82.88,6.59,2.13
2022,1,21,6.51,11.92,0,70.88,6.04,5.16
2022,1,22,5.61,11.96,0,66,5.68,4.41
2022,1,23,5.33,10.05,0,74.56,5.55,2.37
2022,1,24,8.42,9.74,0,90.44,6.84,2.37
2022,1,25,6.73,9.44,0,84.62,6.16,2.73
2022,1,26,5.28,8.32,0,82.88,5.55,2.93
2022,1,27,5.99,9.17,0,82.06,5.8,3.03
2022,1,28,5.86,9.65,0,78.38,5.74,3.61
2022,1,29,6.48,9.47,0,82.75,6.04,2.83
2022,1,30,7.34,9.18,0.01,87.94,6.35,2.35
2022,1,31,7.98,10.11,0.02,87.19,6.65,2.96
2022,2,1,1.93,9.01,0,62.88,4.39,6.39
2022,2,2,2.9,9.66,0,65,4.76,5.55
2022,2,3,5.97,10.63,0,74.19,5.8,2.32
2022,2,4,6,9.32,0,82.12,5.8,2.93
2022,2,5,7.07,10.41,0,81.81,6.23,2.19
2022,2,6,6.79,10.32,0,80.75,6.1,2.79
2022,2,7,6.89,10.61,0,79.38,6.16,2.69
2022,2,8,7.76,12.03,0,76.56,6.53,2.8
2022,2,9,8.98,12.82,0,79.44,7.14,3.45
2022,2,10,9.9,14.42,0,75.44,7.57,3.16
2022,2,11,10.52,14.23,0,79.88,7.87,2.53
2022,2,12,10.08,13.64,0,80.75,7.63,2.96
2022,2,13,9.19,13.54,0,77.06,7.2,2.58
2022,2,14,8.58,10.5,0.02,87.88,6.9,5.7
2022,2,15,4.64,9.76,0,73.31,5.31,5.85
2022,2,16,6.41,11.94,0,70.12,5.98,4.66
2022,2,17,5.4,11.84,0,66.19,5.55,2.81
2022,2,18,5.49,11.99,0,66.31,5.62,1.72
2022,2,19,7.4,11.76,0,77,6.41,2.77
2022,2,20,7.65,9.3,0.02,88.69,6.53,5.28
2022,2,21,4.73,8.46,0.26,79.88,5.37,5.79
2022,2,22,3.35,6.98,0.92,78.94,4.82,5.45
2022,2,23,0.39,6.65,0.01,68.69,3.97,3.99
2022,2,24,2.83,7.4,0.02,76.31,4.64,1.94
2022,2,25,3.9,8.27,0,77.5,5,2.02
2022,2,26,5.28,9.46,0.01,77.06,5.49,1.38
2022,2,27,6.05,11.57,0,72.38,5.8,1.77
2022,2,28,7.44,12.65,0,73.19,6.41,2.16
2022,3,1,9.76,12.36,0.09,85.44,7.45,2.78
2022,3,2,9.4,11.8,0.01,85.75,7.32,2.65
2022,3,3,8.82,10.86,0.79,88,7.08,2.23
2022,3,4,6.41,10.15,0.85,79.25,6.04,6.42
2022,3,5,4.76,8.81,0.14,77.94,5.31,4.77
2022,3,6,5.57,9.34,0,80.19,5.62,2.91
2022,3,7,4.9,10.83,0,70.81,5.43,3.95
2022,3,8,6.34,12.86,0,67.81,5.98,3.09
2022,3,9,7.51,11.33,0,80.06,6.47,4.24
2022,3,10,3.66,10.88,0,65.56,5,4.56
2022,3,11,4.03,11.98,0,62.06,5.13,2.06
2022,3,12,7.09,10.34,0.04,81.81,6.29,3.71
2022,3,13,7.5,11.37,0.15,79.5,6.41,3.58
2022,3,14,7.77,12.08,0.2,77.94,6.59,2.27
2022,3,15,10.76,13.07,2.51,87.19,8,3.48
2022,3,16,8.42,12.08,0.05,80.94,6.84,3.48
2022,3,17,8.44,11.2,0.01,84.44,6.84,4.12
2022,3,18,8.62,11.68,0.03,82.94,6.96,3.03
2022,3,19,8.33,10.73,1.38,85.5,6.84,4.63
2022,3,20,4.94,10.85,0,71,5.43,4.84
2022,3,21,8.98,13.26,0,78,7.14,3.93
2022,3,22,10.33,16.48,0,70.06,7.75,3.15
2022,3,23,10.44,13.39,0.01,83.94,7.81,3.14
2022,3,24,9.29,12.37,0.01,83.12,7.26,3.3
2022,3,25,8.79,11.86,0,83.19,7.02,4.11
2022,3,26,9.66,12.31,0.03,85.25,7.51,3.59
2022,3,27,9.46,12,5.43,85.31,7.45,4.05
2022,3,28,9.09,11.73,7.88,85,7.26,2.41
2022,3,29,9.62,11.87,0.28,86.62,7.45,3.54
2022,3,30,8.4,11.39,0.06,83.06,6.84,4.67
2022,3,31,8.12,11.95,0.03,79.56,6.71,2.96
2022,4,1,8,12.73,0.02,76.5,6.71,2.98
2022,4,2,7.56,13.87,0.02,70.5,6.53,3.35
2022,4,3,7.04,12.7,0.02,71.56,6.29,4.7
2022,4,4,9.56,12.55,0.12,82.81,7.39,5.38
2022,4,5,7.12,13.1,0,71.44,6.29,3.94
2022,4,6,6.45,16.85,0,53.19,6.04,3.01
2022,4,7,9.5,18.4,0,59.56,7.39,2.89
2022,4,8,9.86,15.29,0,72.06,7.57,4.51
2022,4,9,3.9,13.9,0,56.06,5.19,5.12
2022,4,10,3.62,13.04,0.01,55.38,5,6.59
2022,4,11,4.71,10.15,2.27,72,5.49,7.59
2022,4,12,3.57,9.06,0,71.31,4.88,5.77
2022,4,13,5.92,10.14,0.33,76.62,5.74,4.05
2022,4,14,10.08,11.17,5.63,93,7.63,4.39
2022,4,15,6.4,10.64,0.08,76.94,5.98,3.3
2022,4,16,7.7,11.73,8.93,79.12,6.65,5.46
2022,4,17,4.68,9.4,0.01,74.94,5.31,3.8
2022,4,18,8.55,11.76,1.29,82.38,6.96,3.97
2022,4,19,8.61,11.75,1.15,82.69,6.96,3.16
2022,4,20,9.89,12.41,5.41,85.06,7.63,4.9
2022,4,21,9.28,12.13,4.2,83.88,7.32,3.77
2022,4,22,8.23,11.73,1.1,80.88,6.77,3.47
2022,4,23,8.97,13.51,0.08,77.44,7.08,3.62
2022,4,24,8.87,14.01,0.04,75,7.08,2.91
2022,4,25,9.76,13.52,0.02,80,7.51,4.27
2022,4,26,7.79,12.97,0,73.56,6.59,5.99
2022,4,27,7.26,11.98,0,75.44,6.35,5.42
2022,4,28,7.15,11.75,0.01,75.25,6.29,6.3
2022,4,29,7.1,12.63,0.01,72.75,6.29,4.07
2022,4,30,9.77,13.43,0.04,80.06,7.51,5.72
2022,5,1,7.83,13.72,0.02,72.81,6.65,4.77
2022,5,2,7.25,12.62,0.02,72.31,6.35,6.16
2022,5,3,6.26,14.69,0.01,61.19,5.98,4.23
2022,5,4,8.57,15.7,0.02,66.88,6.96,2.45
2022,5,5,9.12,12.69,0.05,80.44,7.2,3.98
2022,5,6,11.51,14.12,0.27,85,8.42,3.86
2022,5,7,7.83,13.23,0.04,72.5,6.59,6.46
2022,5,8,6.23,10.6,0.09,75.88,5.92,6.91
2022,5,9,5.07,9.78,0.15,74.06,5.43,4.64
2022,5,10,4.87,10.28,0.83,71.88,5.37,4.26
2022,5,11,5.73,11.48,0,71.5,5.68,4.35
2022,5,12,7.86,11.8,0,78.88,6.53,4.59
2022,5,13,10.68,15.17,0.01,76.88,7.93,3.99
2022,5,14,10.58,17.16,0.02,70.06,7.93,3.55
2022,5,15,11.05,15.14,0.04,78.44,8.18,5.24
2022,5,16,9.72,13.75,0.01,78.88,7.51,5.77
2022,5,17,8.96,14.96,0,71.44,7.14,4.83
2022,5,18,9.55,18.09,0,63.75,7.51,4.27
2022,5,19,9.33,17.56,0,62.12,7.39,5.43
2022,5,20,4.04,16.36,0,49.69,5.31,5.55
2022,5,21,7.07,16.09,0,61.38,6.35,3.14
2022,5,22,8.51,16.09,0,65.69,6.96,3.88
2022,5,23,9.23,16.99,0,65.56,7.32,3.84
2022,5,24,8.22,20.37,0,52.88,6.9,3.2
2022,5,25,10.2,20.5,0,55.31,7.81,2.7
2022,5,26,9.81,13.53,0.03,79.5,7.57,3.92
2022,5,27,10.01,13.33,0.04,81.44,7.63,4.46
2022,5,28,10.76,14.19,0.09,81.5,8.06,4.88
2022,5,29,7.33,15.04,0,65.25,6.47,5.47
2022,5,30,6.75,14.94,0,63.38,6.23,4.7
2022,5,31,7.04,16.65,0.04,61.12,6.35,3.67
2022,6,1,9.05,16.83,0.05,64.94,7.26,3.59
2022,6,2,10.12,15.54,0.11,72.44,7.75,5.14
2022,6,3,10.34,14.97,0.19,76,7.87,4.59
2022,6,4,10.55,15.26,1.44,75.62,8,3.09
2022,6,5,13.65,16.43,3.13,84.56,9.77,4.11
2022,6,6,10.63,16.66,0.1,71.56,8,4.32
2022,6,7,10.34,15.9,0.09,72.19,7.87,4.45
2022,6,8,11.11,16.8,0.07,70.62,8.24,5.12
2022,6,9,11.15,19.65,0.04,62.5,8.3,4.34
2022,6,10,12.98,21.55,0.02,62.44,9.4,4.96
2022,6,11,14.08,19.8,0.04,71.69,10.07,4.81
2022,6,12,12.33,16.76,0.19,76.19,8.97,5.2
2022,6,13,7.44,17.13,0,58.88,6.59,4.77
2022,6,14,7.13,18.81,0,51.44,6.41,4.22
2022,6,15,8.51,16.71,0.01,62.44,7.08,4.86
2022,6,16,9.35,15.58,0.01,69.56,7.39,6.25
2022,6,17,10.05,14.1,0.05,78.19,7.69,5.02
2022,6,18,8.69,15.13,0.06,69.75,7.08,5.08
2022,6,19,8.94,17.23,0.04,64.19,7.14,3.7
2022,6,20,9.01,20.03,0,55,7.26,3.2
2022,6,21,5.51,24.78,0,34.62,5.86,2.48
2022,6,22,9.37,20.73,0,51.19,7.57,2.7
2022,6,23,11.33,18.27,0,66.38,8.42,3.25
2022,6,24,10.83,17.15,0,69.62,8.18,3.51
2022,6,25,11.46,16.69,0,73.75,8.48,3.59
2022,6,26,10.47,17.19,0,68.75,7.93,3.4
2022,6,27,10.65,17.62,0,67.19,8,4.42
2022,6,28,10.15,17.88,0,64.81,7.87,5.47
2022,6,29,11.44,15.63,0.06,77.88,8.42,4.38
2022,6,30,11.02,15.31,0.09,77.62,8.18,4.67
2022,7,1,10.94,14.91,0.08,78.94,8.12,4.64
2022,7,2,11.3,14.9,0.1,80.31,8.36,6.24
2022,7,3,10.94,14.61,0.04,79.75,8.12,5.26
2022,7,4,13.56,17.15,0.04,80.62,9.7,3.43
2022,7,5,13.66,17.41,0.04,79.94,9.77,3.48
2022,7,6,13.06,16.71,0.02,80.5,9.34,4.11
2022,7,7,11.98,17.04,0.01,74.69,8.73,4.66
2022,7,8,12.12,17.23,0,74.69,8.79,4.77
2022,7,9,12.65,17.28,0,76.12,9.09,5.19
2022,7,10,11.78,19.18,0,67,8.67,3.31
2022,7,11,12.08,18.62,0,68.88,8.85,3.34
2022,7,12,12.2,16.67,0,76.94,8.91,3.86
2022,7,13,12.05,16.47,0.01,77,8.79,3.95
2022,7,14,11.59,17.35,0.01,72.19,8.54,4.98
2022,7,15,11.57,16.49,0,74.88,8.48,4.4
2022,7,16,11.01,18.04,0.01,67.88,8.3,3.96
2022,7,17,11.33,17.95,0,67.75,8.42,4.42
2022,7,18,11.01,17.72,0,67.56,8.24,4.4
2022,7,19,10.42,16.85,0,69.25,7.93,4.33
2022,7,20,10.55,16.65,0,70.5,7.93,4.56
2022,7,21,10.67,17.15,0,68.81,8.06,4.66
2022,7,22,10.13,17.42,0,66.75,7.87,4.9
2022,7,23,9.96,16.33,0,70.44,7.75,3.64
2022,7,24,10.8,15.37,0.05,76.5,8.12,3.7
2022,7,25,10.45,15.51,0.21,74.94,7.93,4.02
2022,7,26,10.72,16.21,0.15,73.19,8.06,3.89
2022,7,27,10.05,16.13,0.16,70.69,7.75,4.2
2022,7,28,11.45,16.03,0.41,76.62,8.42,4.34
2022,7,29,12.62,16.34,0.67,80.25,9.16,3.99
2022,7,30,13.01,16.59,0.05,80.31,9.34,3.59
2022,7,31,13.43,17.51,0.07,78.12,9.58,3.57
2022,8,1,12.36,18.26,0.06,70.75,8.97,2.73
2022,8,2,12.19,19.31,0,65.5,8.85,3.66
2022,8,3,12.41,19.23,0.01,67.25,9.03,4.11
2022,8,4,12.76,18.13,0,73.06,9.22,4.02
2022,8,5,13.57,17.39,0.01,79.31,9.7,3.46
2022,8,6,12.86,17.31,0,77.38,9.28,3.52
2022,8,7,12.94,17.6,0.01,76.69,9.34,4.46
2022,8,8,13.66,18.3,0,76.88,9.77,4.66
2022,8,9,13.82,18.51,0,76.94,9.89,4.42
2022,8,10,14.01,19.13,0,74.75,10.01,3.66
2022,8,11,13.93,18.88,0,75.94,9.95,4.52
2022,8,12,12.84,18.59,0,72.75,9.28,5.03
2022,8,13,12.03,18.76,0,70.19,8.91,4.08
2022,8,14,11.32,19.8,0.01,65.38,8.61,3.55
2022,8,15,11.27,19.98,0.01,63.06,8.61,2.88
2022,8,16,10.14,21.37,0,54.94,8.06,2.55
2022,8,17,10.51,19.37,0,59.38,8.12,3.04
2022,8,18,11.28,18.31,0.01,66.31,8.42,3.96
2022,8,19,12.94,19.01,0,71.81,9.4,3.77
2022,8,20,11.08,19.88,0,62.62,8.48,2.73
2022,8,21,12.98,16.98,0,79.06,9.34,4.24
2022,8,22,13.02,19.73,0,69.12,9.4,4.74
2022,8,23,13.37,19.98,0.01,70.38,9.64,3.44
2022,8,24,13.56,17.3,0,80.38,9.7,3.17
2022,8,25,13.33,17.02,0,80.69,9.52,3.52
2022,8,26,12.4,16.8,0,77.56,8.97,3.13
2022,8,27,12.88,16.44,0,81.06,9.28,3.8
2022,8,28,11.9,15.92,0,79.31,8.73,3.38
2022,8,29,11.13,16.29,0.01,74.44,8.3,3.5
2022,8,30,11.87,16.48,0.01,76.94,8.73,3.82
2022,8,31,11.27,17.69,0.01,70.56,8.42,3.68
2022,9,1,8.37,20.23,0,54.5,7.39,3.11
2022,9,2,10.12,19.45,0.03,60,8.06,4.41
2022,9,3,11.19,20.17,0.05,60.25,8.54,3.94
2022,9,4,8.8,21.82,0.02,50.69,7.51,2.95
2022,9,5,6.87,26.69,0,33.56,6.47,2.52
2022,9,6,10.62,25.57,0,42.56,8.12,2.32
2022,9,7,11.55,22.3,0,54.31,8.67,3.12
2022,9,8,11.65,24.61,0,48,8.67,3.09
2022,9,9,11.4,20.58,0,59.81,8.73,3.66
2022,9,10,12.75,17.82,0.02,74.69,9.34,2.95
2022,9,11,11.53,19.3,0,64.62,8.61,3.31
2022,9,12,13.37,18.4,0.01,74.5,9.58,4.79
2022,9,13,13.26,16.91,0,81.06,9.52,5.64
2022,9,14,13.6,17.16,0.01,81.31,9.7,3.79
2022,9,15,12.67,16.45,0.01,80.69,9.16,3.88
2022,9,16,12.28,17.33,0,75.94,8.97,3.82
2022,9,17,12.51,15.83,0.27,82.5,9.09,4.77
2022,9,18,14.54,16.99,12.19,85.94,10.44,6.54
2022,9,19,13.55,17.03,6.46,81.88,9.7,2.55
2022,9,20,12.94,17.26,1.85,77.44,9.34,2.02
2022,9,21,12.52,17.19,0.55,76.25,9.03,3.24
2022,9,22,12.69,18.1,0.06,75.38,9.16,3.27
2022,9,23,12.44,20.14,0.01,67.69,9.09,2.09
2022,9,24,11.54,20.48,0,61.19,8.54,1.99
2022,9,25,12.84,17.47,0.02,77.44,9.28,3.36
2022,9,26,12.6,16.33,0.02,81.12,9.16,3.74
2022,9,27,12.76,16.08,0.02,80.81,9.22,4.02
2022,9,28,14.11,17.63,0,81.81,10.01,4.82
2022,9,29,12.5,18.41,0,72.81,9.09,3.23
2022,9,30,10.82,19.74,0,61.69,8.24,2.26
2022,10,1,11.99,15.8,0.01,80.31,8.79,3.2
2022,10,2,12.29,16.12,0,79.94,8.91,3.1
2022,10,3,12.06,16.13,0,79.62,8.79,3.62
2022,10,4,12.43,16.69,0,79.06,9.03,3.4
2022,10,5,11.78,17.65,0,73,8.73,2.31
2022,10,6,10.73,17.54,0,67.75,8.12,1.91
2022,10,7,10.3,17.55,0,66.69,7.93,2.15
2022,10,8,11.37,16.66,0.01,74.81,8.48,2.83
2022,10,9,11.82,16.03,0.04,79,8.67,3.18
2022,10,10,10.84,16.18,0.03,75.06,8.24,2.87
2022,10,11,10.98,14.89,0.02,80.44,8.24,2.71
2022,10,12,11.58,14.73,0.02,83.25,8.48,3.27
2022,10,13,10.87,15.46,0.02,78.19,8.18,2.98
2022,10,14,10.47,14.87,0.01,79.06,8,2.4
2022,10,15,12.53,14.45,0.03,87.31,9.09,3.29
2022,10,16,12.12,15.77,0.01,80.25,8.79,2.73
2022,10,17,11.33,15.91,0.01,77.25,8.36,1.67
2022,10,18,9.86,18.51,0,60.19,7.63,1.8
2022,10,19,5.02,20.48,0,41.12,5.68,2.2
2022,10,20,9.04,17.86,0.01,62.12,7.39,1.94
2022,10,21,11.72,14.52,0.08,84.69,8.61,3.62
2022,10,22,8.98,15.68,0.09,69.31,7.45,7.03
2022,10,23,4.05,14.35,0,54.38,5.25,4.95
2022,10,24,4.52,15.43,0,53.5,5.55,3.06
2022,10,25,9.51,13.63,0.02,79.31,7.45,3.62
2022,10,26,6.38,13.23,0,69.19,6.16,3.75
2022,10,27,3.26,13.94,0,54,5,2.12
2022,10,28,8.18,12.08,0.02,80.81,6.84,2.62
2022,10,29,8.68,13.82,0.06,77.25,7.2,3.45
2022,10,30,10.06,14.3,0.09,79.62,7.75,2.88
2022,10,31,10.16,12.55,0.17,86.56,7.81,2.38
2022,11,1,9.83,12.54,5.26,84.56,7.63,5.23
2022,11,2,6.93,10.69,1.24,78.69,6.23,3.91
2022,11,3,3.76,10.04,0,71.31,5.07,3.48
2022,11,4,7.57,12.02,0.22,78.06,6.65,2.4
2022,11,5,12.26,13,1.44,94.75,8.85,3.52
2022,11,6,9.29,12.33,2.88,83.06,7.32,4.77
2022,11,7,7.28,10.83,6.25,79.69,6.41,4.36
2022,11,8,7.9,10.01,21.02,87,6.71,5.25
2022,11,9,6.7,10.13,0.41,81,6.1,3.22
2022,11,10,6.13,9.8,0,81.06,5.86,2.56
2022,11,11,6.42,10.22,0.01,80.31,6.04,1.68
2022,11,12,7.59,10.66,0.14,83,6.53,3.8
2022,11,13,4.08,10.08,0,72,5.25,3.26
2022,11,14,3.85,10.03,0,69.19,5.07,1.93
2022,11,15,2.91,10.51,0,63.19,4.7,3.2
2022,11,16,1.69,11.28,0.01,55.5,4.33,2.64
2022,11,17,3.91,9.93,0.06,69.56,5.13,2.65
2022,11,18,3.08,10.55,0.01,65.38,4.88,3.72
2022,11,19,-0.13,9.59,0,53.25,3.85,3.7
2022,11,20,0.77,9.48,0,57,4.03,3.48
2022,11,21,1.3,10.41,0,55.88,4.21,2.55
2022,11,22,4.26,10.95,0,66.62,5.31,2.31
2022,11,23,6.16,11.76,0,73.25,5.98,2.8
2022,11,24,3.21,11.61,0,58.69,4.82,3.48
2022,11,25,5.36,11.79,0,69,5.74,2.39
2022,11,26,5.12,11.67,0.01,69.56,5.62,2.38
2022,11,27,5.13,11.7,0.02,68.69,5.62,1.94
2022,11,28,7.16,10.25,0.03,82.31,6.35,5.82
2022,11,29,3.11,8.15,0,75.19,4.82,2.59
2022,11,30,6.04,9.31,0.16,80.88,5.86,2.55
2022,12,1,6.55,8.7,18.86,86.88,6.16,5.05
2022,12,2,2.86,6.15,0.07,81.25,4.64,3.23
2022,12,3,5.98,7.08,13.66,93.06,5.86,2.09
2022,12,4,8.82,10.55,5.86,89.69,7.02,3.43
2022,12,5,8.73,10.4,4.13,90.06,7.02,3.31
2022,12,6,7.19,9.26,4.62,87.5,6.29,2.63
2022,12,7,6.69,9.62,0.01,82.81,6.04,1.48
2022,12,8,8.33,9.44,3.07,92.31,6.77,3.45
2022,12,9,2.94,9.19,0.18,69.12,4.82,2.26
2022,12,10,10.27,11.35,28.62,93.06,7.87,6.93
2022,12,11,6.61,8.76,15.84,86.81,6.1,4.4
2022,12,12,4.42,8.05,1.09,79.69,5.25,3.24
2022,12,13,4.09,8.03,0,78.38,5.13,1.63
2022,12,14,2.32,7.11,0,74.5,4.46,1.97
2022,12,15,3.38,7.26,0,78.44,4.82,2.56
2022,12,16,2.9,6.44,0,79.31,4.7,3.49
2022,12,17,2.39,6.44,0,77.25,4.52,3.19
2022,12,18,2.83,5.84,0,82.56,4.64,2.45
2022,12,19,2.71,4.23,0.01,89.62,4.58,3.63
2022,12,20,2.98,7.69,0.02,73.5,4.64,1.67
2022,12,21,6.28,9.45,0.01,81.44,5.92,1.74
2022,12,22,7.13,7.87,0.07,94.75,6.23,2.84
2022,12,23,7.34,8.65,0.37,91.81,6.35,2.95
2022,12,24,8.82,10.16,0.03,90.06,6.96,2.59
2022,12,25,9.34,10.6,0.03,90.69,7.26,2.77
2022,12,26,9.82,10.52,10.21,95.31,7.51,2.45
2022,12,27,11.14,11.83,30.65,95.31,8.3,5.33
2022,12,28,7.2,9.34,0.25,86.88,6.35,2.02
2022,12,29,9.26,9.95,16.8,95.62,7.32,3.45
2022,12,30,12.83,13.33,17.8,96.75,9.28,5.9
2022,12,31,10.52,11.84,61,91.69,8.06,5.47
2023,1,1,5.51,9.93,0.08,75.81,5.68,4.94
2023,1,2,6.26,8.54,12.71,86.44,6.04,3.73
2023,1,3,7.23,8.51,0.83,91.94,6.35,3.48
2023,1,4,9.9,11.45,36.17,90.38,7.75,9.16
2023,1,5,9.66,11.18,16.51,90.44,7.51,5.72
2023,1,6,9.17,11.21,0.76,87.44,7.2,3.89
2023,1,7,9.51,11.66,16.42,86.62,7.39,8.11
2023,1,8,10.33,12.58,10.84,86.44,7.81,5.22
2023,1,9,10.92,11.99,31.26,93.12,8.24,5.28
2023,1,10,8.87,11.2,21.29,85.62,7.14,7.3
2023,1,11,10.42,11.48,15.43,93.12,7.87,6.13
2023,1,12,10.32,12.75,0.24,85.25,7.75,4.54
2023,1,13,11,12.59,15.24,90.12,8.18,5.26
2023,1,14,10.4,11.72,34.21,91.69,7.93,6.23
2023,1,15,7.94,9.19,14.74,91.88,6.71,3.61
2023,1,16,6.94,8.1,14.7,92.38,6.29,5.62
2023,1,17,4.81,7.87,0.01,82.75,5.37,2.87
2023,1,18,7.09,8.83,5.01,89.38,6.29,2.32
2023,1,19,4.57,7.83,0.25,81.06,5.25,3.89
2023,1,20,1.69,6.87,0.05,71,4.27,3.82
2023,1,21,4.14,7.16,0,82.88,5.13,2.62
2023,1,22,4.26,8.55,0,76.62,5.19,5.22
2023,1,23,3.78,8.76,0,72.19,5,4.27
2023,1,24,5.05,8.76,0,78.5,5.43,2.94
2023,1,25,6.93,9.96,0,82.81,6.16,3.7
2023,1,26,6.43,10.91,0.01,75.19,5.92,3.5
2023,1,27,7.48,9.39,0.01,88.75,6.41,2.47
2023,1,28,6.55,8.86,0.01,86.69,6.04,3.09
2023,1,29,5.16,7.36,0.51,86.5,5.55,4.98
2023,1,30,-0.63,5.22,0,67.31,3.66,4.54
2023,1,31,0.39,7.28,0,63.12,3.91,2.3
2023,2,1,2.93,6.92,0,76.62,4.7,2.54
2023,2,2,5.1,7.13,0,87.69,5.49,2.95
2023,2,3,9.73,10.7,12.77,93.69,7.45,2.61
2023,2,4,10.31,11.62,9.03,91.88,7.81,4.75
2023,2,5,7.51,9.68,3.18,86.56,6.41,6.06
2023,2,6,5.42,8.51,0,83.06,5.55,3.59
2023,2,7,5.5,9.28,0,78.31,5.62,2.25
2023,2,8,5.98,10.61,0.01,74.81,5.74,1.97
2023,2,9,6.8,10.26,0,81.06,6.1,2.26
2023,2,10,7.02,8.87,0.18,88.5,6.23,4.49
2023,2,11,6.35,8.76,1.41,85.81,5.98,3.23
2023,2,12,6.49,9.95,0.01,80.88,6.1,2.81
2023,2,13,6.55,10.3,0.01,78.5,6.1,4.92
2023,2,14,2.37,6.86,0.07,73.56,4.52,6.7
2023,2,15,0.46,7.81,0,61.38,3.97,3.12
2023,2,16,3.23,8.05,0,73,4.76,1.93
2023,2,17,3.15,8.42,0,71.12,4.76,3.02
2023,2,18,3.85,9.75,0,70.75,5.07,1.41
2023,2,19,5.48,10.23,0,73.5,5.68,2.13
2023,2,20,7.78,11.41,0.01,80.5,6.59,2.09
2023,2,21,5.62,8.9,0.02,80.69,5.8,8.32
2023,2,22,2.67,5.81,0.81,80.81,4.64,6.66
2023,2,23,3.03,5.37,8.45,85.12,4.76,5.14
2023,2,24,2.48,5.02,20.09,84.19,4.58,3.4
2023,2,25,2.19,5.94,1.42,78.81,4.52,1.89
2023,2,26,5.48,7,7.62,90.12,5.62,4
2023,2,27,4.53,6.97,15.96,84.75,5.25,5.68
2023,2,28,5.71,7.18,11.75,90.44,5.74,5.34
2023,3,1,1.95,6.87,0.28,73.38,4.39,5.5
2023,3,2,4.17,8.36,0.18,77.25,5.19,3.42
2023,3,3,5.7,8.5,0.09,83.75,5.68,3.36
2023,3,4,4.9,7.62,3.37,83.44,5.43,5.47
2023,3,5,3.94,7.76,8.1,77.56,5.07,5.08
2023,3,6,4.87,7.51,5.36,83.94,5.37,3.45
2023,3,7,3.96,7.07,0.23,81.75,5,3.64
2023,3,8,3.67,8.01,4.87,75.75,4.94,3.24
2023,3,9,6.9,8.67,43.79,88.75,6.35,6.27
2023,3,10,7.51,9.94,7.33,85.38,6.53,3.03
2023,3,11,8.51,10.48,6.02,87.81,6.96,2.15
2023,3,12,11.15,11.91,9.65,95.06,8.24,4.48
2023,3,13,11.45,12.65,4.03,92.69,8.42,3.88
2023,3,14,10.02,11.2,23.88,92.31,7.81,7.37
2023,3,15,5.27,9.01,0,80,5.55,3.57
2023,3,16,6.4,10.04,0,80.88,5.98,2.23
2023,3,17,6.96,11.15,0,77.62,6.23,1.92
2023,3,18,9.48,11.62,0.72,86.94,7.45,2.16
2023,3,19,9.67,10.78,13.18,92.75,7.51,4.36
2023,3,20,5.7,9.45,0.39,78.44,5.74,3.09
2023,3,21,6.64,8.19,29.81,90.06,6.23,5.59
2023,3,22,8.12,10.04,3.08,88.19,6.77,3.02
2023,3,23,6.48,9.34,0.19,83,5.98,6.12
2023,3,24,3.89,8.72,0,73.31,4.94,5.38
2023,3,25,3.05,8.37,0,71.38,4.7,5.38
2023,3,26,2.4,7.69,0,73.06,4.52,3.89
2023,3,27,3.5,8.76,0.17,72.19,4.88,2.88
2023,3,28,6.81,9.05,17.16,86.06,6.16,5.71
2023,3,29,6.05,8.15,13.36,86.88,5.86,3.45
2023,3,30,5.39,8.52,0.14,82.31,5.55,3.18
2023,3,31,5.96,9.21,0.07,81.25,5.74,2.9
2023,4,1,7.99,10.09,0.1,87.5,6.65,3.27
2023,4,2,6.65,9.42,0.06,83.44,6.04,5.85
2023,4,3,3.33,8.05,0.02,73.94,4.82,7.19
2023,4,4,3.18,8.12,0,74.69,4.76,4.22
2023,4,5,5,8.65,0,79.94,5.37,2.55
2023,4,6,6.93,9.69,0.32,84.12,6.16,2.66
2023,4,7,9.26,10.19,4.19,93.88,7.26,3.51
2023,4,8,7.04,11.15,0.01,77.88,6.23,2.09
2023,4,9,7.02,12.88,0,70.5,6.29,2.2
2023,4,10,11.12,13.23,0.05,87.81,8.24,3.52
2023,4,11,8.07,11.8,0.01,79.19,6.71,5.84
2023,4,12,5.65,10.08,0,75.25,5.68,5.68
2023,4,13,4.69,10.28,0,70.94,5.37,4.92
2023,4,14,7.19,10.08,0,83.88,6.35,3.91
2023,4,15,7.06,10.05,0,83.12,6.23,3.87
2023,4,16,7.84,10.43,0.06,85.25,6.59,4.98
2023,4,17,7.3,10.01,0.79,84.31,6.35,5.11
2023,4,18,4.99,9.12,0.05,77.81,5.43,3.89
2023,4,19,5.66,10.02,0,77.06,5.68,4.18
2023,4,20,6.87,11.86,0,74.62,6.16,3.34
2023,4,21,11.12,14.78,0,80.5,8.18,3.13
2023,4,22,11.27,14.65,0,81.94,8.3,4.23
2023,4,23,10.79,13.36,0.01,85.5,8.12,5.2
2023,4,24,8.77,12.33,0,81.12,7.02,4.4
2023,4,25,9.57,13.88,0,78.12,7.45,3.09
2023,4,26,10.69,15.76,0.01,74.94,8.06,1.72
2023,4,27,10.95,15.73,0.01,75.5,8.18,2.01
2023,4,28,10.65,13.9,0.01,82.19,8,2.7
2023,4,29,9.99,12.89,0.02,83.88,7.63,3.88
2023,4,30,9.28,12.18,0.03,83.5,7.32,6.7
2023,5,1,8.29,10.45,2.35,86.56,6.84,6.31
2023,5,2,7.67,10.19,4.84,84.88,6.53,3.45
2023,5,3,8.95,11.17,4.62,86.62,7.14,2.98
2023,5,4,8.8,11.3,0.49,85.44,7.08,2.85
2023,5,5,9.06,11.75,1.84,84.25,7.14,3.54
2023,5,6,8.82,12.01,3.53,82.5,7.02,3.21
2023,5,7,7.83,11.58,0.14,79.12,6.53,3.19
2023,5,8,9.38,12.65,0.64,81.75,7.32,3.77
2023,5,9,9.95,12.76,0.03,84.31,7.57,3.91
2023,5,10,9.56,12.26,0.01,84.44,7.39,4.81
2023,5,11,10.29,13.03,0,84.69,7.75,3.77
2023,5,12,11.97,14.65,0.01,85.25,8.73,3.28
2023,5,13,12.65,17.53,0,75.81,9.16,2.21
2023,5,14,12.21,15.22,0,83.25,8.91,2.92
2023,5,15,11.56,14.45,0.01,83.94,8.42,2.62
2023,5,16,12.22,15.76,0,81.56,8.85,3.07
2023,5,17,11.66,14.6,0,83.81,8.54,3.1
2023,5,18,11.93,14.61,0,85.12,8.73,3.52
2023,5,19,12.17,14.78,0,85.31,8.85,4.45
2023,5,20,11.3,13.5,0.04,87.38,8.3,4.15
2023,5,21,11.6,14.42,0.02,84.69,8.54,2.84
2023,5,22,11.9,15.61,0.01,80.56,8.73,2.57
2023,5,23,10.94,13.53,0.02,85,8.18,3.52
2023,5,24,10.4,13.17,0.02,84.19,7.87,2.91
2023,5,25,10.32,13.02,0.04,84.25,7.81,3.51
2023,5,26,10.21,13.19,0.06,82.69,7.75,3.81
2023,5,27,10.57,12.98,0.06,85.62,7.93,4.27
2023,5,28,11.12,13.45,0.09,86.31,8.3,3.7
2023,5,29,10.58,13.67,0.02,82.44,7.93,3.64
2023,5,30,10.23,13.28,0.05,82.44,7.75,4.33
2023,5,31,11,13.42,0.04,86,8.18,3.9
2023,6,1,10.91,13.7,0.05,84.38,8.12,3.35
2023,6,2,11.15,14.54,0.04,81.75,8.24,3.18
2023,6,3,11.53,15.05,0.02,81.06,8.48,3.3
2023,6,4,11.71,15.01,0.04,82.06,8.61,2.92
2023,6,5,11.36,14.21,0.42,83.88,8.42,3.99
2023,6,6,12.12,14.72,0.09,84.81,8.85,3.45
2023,6,7,12.04,14.8,0.03,84.06,8.73,3.35
2023,6,8,11.68,14.64,0.02,83.19,8.54,3.13
2023,6,9,9.98,13.43,0.02,80.5,7.63,4.49
2023,6,10,10.91,13.23,0.02,86.31,8.12,4.1
2023,6,11,11.63,14.14,0.05,85.44,8.54,3.7
2023,6,12,11.73,14.75,0.04,82.81,8.54,3.36
2023,6,13,11.75,14.92,0.02,82.19,8.54,3.6
2023,6,14,11.65,14.9,0.02,82.25,8.54,3.23
2023,6,15,11.87,15.57,0.01,80.25,8.67,3.2
2023,6,16,12.26,15.58,0.01,82,8.85,4.11
2023,6,17,12.25,15.52,0.02,81.88,8.85,4.23
2023,6,18,11.06,15.58,0,76.12,8.24,6.62
2023,6,19,9.33,14.37,0,73.88,7.32,6.39
2023,6,20,9.05,14.48,0,73.44,7.14,4.15
2023,6,21,10.26,14.52,0,78.06,7.81,3.65
2023,6,22,10.55,13.8,0.01,82,7.93,4.28
2023,6,23,10.64,14.48,0.01,79,7.93,3.7
2023,6,24,10.6,14.27,0.01,79.75,7.93,4.58
2023,6,25,11.12,14.33,0.03,81.88,8.18,4.58
2023,6,26,11.57,14.8,0.05,82.38,8.48,4.19
2023,6,27,11.07,14.46,0.05,81.38,8.24,4.24
2023,6,28,11.12,14.85,0.04,80,8.24,4.27
2023,6,29,11.48,16.63,0.01,74.69,8.42,2.81
2023,6,30,11.58,18.05,0,68.75,8.54,2.37
2023,7,1,11.57,19.63,0,62.56,8.54,2.48
2023,7,2,12.4,19.19,0,66.56,8.97,3.34
2023,7,3,11.66,16.31,0,75.75,8.54,3.84
2023,7,4,10.98,15.11,0,78.25,8.18,3.95
2023,7,5,11.06,14.83,0,79.75,8.18,4.18
2023,7,6,11.15,14.75,0,80.25,8.24,4.37
2023,7,7,11.69,15.3,0,80.56,8.61,5.31
2023,7,8,10.59,14.76,0,77.88,8,6.57
2023,7,9,11.34,14.87,0,80.75,8.36,5.85
2023,7,10,11.11,16.19,0,75.06,8.24,2.92
2023,7,11,11.84,17.25,0,74,8.67,2.56
2023,7,12,11.88,16.13,0.01,77.75,8.67,3.7
2023,7,13,11.76,17.47,0,72.06,8.61,3.82
2023,7,14,12.15,18.2,0,71.5,8.85,3.19
2023,7,15,12.82,18.81,0,71.44,9.28,2.55
2023,7,16,12.74,19.06,0.03,69.06,9.22,2.09
2023,7,17,12.83,17.83,0,74.31,9.28,2.98
2023,7,18,12.13,15.72,0,80.38,8.79,3.81
2023,7,19,11.66,16.09,0,77.06,8.54,3.57
2023,7,20,11.73,18.05,0,70.94,8.61,3.32
2023,7,21,11.44,18.86,0,65.88,8.48,3.02
2023,7,22,11.61,19.29,0,64.88,8.61,3.26
2023,7,23,12.5,17.47,0,74.06,9.03,4.51
2023,7,24,11.8,17.8,0,71.5,8.67,5.3
2023,7,25,11.97,18.52,0,69.5,8.79,3.88
2023,7,26,12.45,16.58,0,78.25,8.97,4.26
2023,7,27,11.8,16.63,0,75.75,8.67,4.89
2023,7,28,11.25,17.01,0,72.12,8.36,4.8
2023,7,29,11.3,17.04,0,72.38,8.36,4.69
2023,7,30,11.5,17.5,0.01,71.56,8.54,4.32
2023,7,31,12.13,17.29,0.01,74.38,8.85,3.93
2023,8,1,12.29,15.56,0.01,81.81,8.91,4.34
2023,8,2,12.33,16.52,0.01,78.44,8.91,4.51
2023,8,3,12.58,16.4,0,80,9.03,5.14
2023,8,4,12.4,17.42,0.01,75.31,8.97,3.76
2023,8,5,12.12,19.45,0,66,8.85,3.9
2023,8,6,11.05,21.97,0,54.69,8.3,3.66
2023,8,7,12.42,19.69,0,65.12,9.03,3.14
2023,8,8,12.66,16.2,0,80.88,9.09,4.12
2023,8,9,12.78,16.06,0.01,82,9.22,3.35
2023,8,10,12.94,16.65,0.01,80.38,9.28,3.68
2023,8,11,13.06,16.82,0.01,80.19,9.34,3.58
2023,8,12,12.76,18.19,0,73.81,9.22,2.98
2023,8,13,12.98,19.3,0,69.44,9.4,2.88
2023,8,14,13.78,18.68,0,74.19,9.83,2.6
2023,8,15,14.01,20.33,0,69.69,10.01,3.2
2023,8,16,14.65,19.84,0,74.25,10.38,3.55
2023,8,17,14.64,19.22,0,76.25,10.44,3.73
2023,8,18,14.31,18.1,0.02,80.06,10.19,3.97
2023,8,19,13.48,17.21,0.05,80.38,9.64,3.7
2023,8,20,12.44,20.59,0.02,64.56,9.16,2.88
2023,8,21,15.47,19.29,0.3,79.56,10.99,3.91
2023,8,22,15.9,20.12,0.06,78.19,11.23,2.38
2023,8,23,14.3,22.8,0,63.12,10.19,2.38
2023,8,24,15.41,20.42,0,74.56,10.99,3.55
2023,8,25,14.16,17.83,0.01,81,10.07,3.89
2023,8,26,13.15,18.2,0.01,75.56,9.52,4.22
2023,8,27,12.83,18.7,0,73.06,9.34,4.16
2023,8,28,12.15,19.37,0.01,68.5,9.03,4.35
2023,8,29,11.23,19.83,0.02,64.12,8.48,4.66
2023,8,30,9.76,22.27,0,51.06,7.75,3.52
2023,8,31,12.58,18.3,0.07,71.25,9.22,4.03
2023,9,1,13.69,16.8,0.16,82.94,9.83,5.02
2023,9,2,13.53,17.83,0.13,78.25,9.7,2.63
2023,9,3,13.84,17.5,0.02,81.06,9.83,3.08
2023,9,4,13.3,17.93,0.02,77.19,9.52,3.5
2023,9,5,12.26,17.16,0.01,76.31,8.97,2.89
2023,9,6,12.7,16.41,0.02,80.69,9.16,3.66
2023,9,7,12.65,17.09,0.01,77.62,9.16,3.68
2023,9,8,11.69,17.96,0,71.75,8.67,3.29
2023,9,9,11.76,17.84,0.01,72.5,8.73,3.69
2023,9,10,10.9,18.37,0.01,69.06,8.48,3.59
2023,9,11,12.11,18.72,0.02,70.69,8.97,4.29
2023,9,12,13.19,17.49,0.03,78.56,9.46,3.37
2023,9,13,12.62,18.22,0,74.19,9.22,2.68
2023,9,14,12.94,17.52,0,77.88,9.4,3.33
2023,9,15,13.47,16.94,0,81.75,9.64,3.63
2023,9,16,13.48,16.77,0,82.44,9.64,3.8
2023,9,17,13.5,16.71,0,82.75,9.64,3.68
2023,9,18,13.57,17.01,0,81.31,9.7,3.72
2023,9,19,13.37,16.57,0.01,83,9.58,3.69
2023,9,20,12.78,15.91,0.01,83.06,9.22,3.25
2023,9,21,11.05,16.38,0,75.25,8.36,2.45
2023,9,22,10.76,15.41,0,77.56,8.12,2.55
2023,9,23,10.83,14.76,0.03,79.81,8.12,3.5
2023,9,24,12.69,15.11,0.07,85.06,9.16,3.54
2023,9,25,14.13,17.44,0.24,82.38,10.07,4.05
2023,9,26,13.49,18.29,0.45,76.94,9.7,3.43
2023,9,27,13.05,17.48,0.02,77.88,9.4,4.86
2023,9,28,10.72,17.76,0.02,68.44,8.18,3.99
2023,9,29,13.62,16.64,0.48,82.94,9.77,5.41
2023,9,30,12.39,16.1,0.95,80.31,9.03,3.8
2023,10,1,10.69,16.4,0.39,73.25,8.12,2.27
2023,10,2,10.4,16.12,0.12,73.25,7.87,2.7
2023,10,3,11.89,18.23,0.13,69.06,8.67,1.65
2023,10,4,12.55,21.75,0,58.62,9.03,2.13
2023,10,5,12.74,22.91,0,55.88,9.16,1.45
2023,10,6,12.17,23.49,0,52.19,8.85,1.63
2023,10,7,12.07,23.69,0,50.12,8.79,2.01
2023,10,8,12.49,18.71,0.14,68.44,9.03,2.84
2023,10,9,14.32,15.89,4.26,90.75,10.25,3.3
2023,10,10,13.24,15.67,1.36,86.44,9.52,4.44
2023,10,11,10.57,15.83,0.02,74.19,8,4.86
2023,10,12,10.35,16.46,0.01,73,7.93,2.9
2023,10,13,12.12,15.72,0.13,80.88,8.85,2.05
2023,10,14,14.45,15.7,2.84,92.69,10.25,2.49
2023,10,15,13.71,17.13,0.08,82.38,9.77,1.82
2023,10,16,14.41,16.17,0.12,90.12,10.31,2.45
2023,10,17,13.91,18.12,0.2,79.94,10.07,2.47
2023,10,18,13.71,20.76,0.05,67.38,9.77,1.41
2023,10,19,12.5,21.75,0.04,59.62,9.03,1.98
2023,10,20,13.77,16.41,1.02,85.88,9.83,2.51
2023,10,21,12.9,15.67,0.72,84.5,9.28,3.19
2023,10,22,15.04,16.44,7.18,91.81,10.74,3.8
2023,10,23,13.37,16.62,0.39,83.62,9.58,3.11
2023,10,24,11.76,15.65,0.12,80.12,8.61,2.95
2023,10,25,12.21,14.2,0.39,88.56,8.85,4.53
2023,10,26,6.76,12.24,0,74.62,6.23,3.44
2023,10,27,8.04,12.01,0,80.31,6.71,3.54
2023,10,28,4.95,12.48,0.01,65.31,5.49,3.82
2023,10,29,3.23,13.75,0.01,53.25,4.94,3.56
2023,10,30,5.78,14.05,0.01,61.38,5.8,2.46
2023,10,31,6.47,14.85,0,60.06,6.04,2.22
2023,11,1,7.48,15.7,0,61.56,6.47,1.98
2023,11,2,10.06,15.61,0.01,70.75,7.63,1.61
2023,11,3,12.41,17.38,0.01,74,8.97,1.88
2023,11,4,14.08,16.12,0.51,88.81,10.07,2.52
2023,11,5,14.56,15.3,3.41,95.5,10.38,3.16
2023,11,6,12.48,15.16,1.23,86,9.16,3.62
2023,11,7,9.96,13.6,0.18,81.38,7.63,3.55
2023,11,8,6.8,13.3,0,68.25,6.16,3.42
2023,11,9,8.4,12.53,0.05,79.75,6.9,2.12
2023,11,10,8.8,13.8,0.06,76.81,7.14,1.69
2023,11,11,10.11,15.15,0.01,74.5,7.69,1.42
2023,11,12,10.34,13.56,0.13,83.38,8,2.43
2023,11,13,10.03,13.2,0.06,83.06,7.75,1.97
2023,11,14,11.66,14.6,2.56,83.69,8.67,3.74
2023,11,15,9.27,14.44,3.24,72.06,7.32,3.78
2023,11,16,12.35,14.84,1.78,85.94,8.97,2.66
2023,11,17,12.93,14.19,3.84,92.38,9.34,3.45
2023,11,18,13.07,14.78,17.15,89.81,9.46,5.58
2023,11,19,7.06,12.17,0.01,73.06,6.23,4.26
2023,11,20,3.35,11.93,0,58,4.82,3.78
2023,11,21,7.1,11.19,0,77.25,6.23,3.45
2023,11,22,8.54,12.2,0,80.25,6.9,2.45
2023,11,23,7.86,13.51,0.05,71,6.71,3.91
2023,11,24,1.87,10.26,0,58.69,4.39,4.19
2023,11,25,2.46,9.28,0,65.31,4.52,3.47
2023,11,26,3.05,10.04,0,63.25,4.7,3.39
2023,11,27,3.3,9.41,0,67.94,4.82,3.77
2023,11,28,5.28,10.22,0.11,73.12,5.55,3.15
2023,11,29,6.9,11.25,0.33,75.56,6.23,3.02
2023,11,30,9.19,11.39,0.25,87.75,7.39,4.69
2023,12,1,8.98,10.94,0.47,89.12,7.2,3.85
2023,12,2,11.59,12.61,2.38,94,8.48,3.26
2023,12,3,11.4,12.41,0.86,93.94,8.36,2.6
2023,12,4,11.27,13.11,0.21,89.94,8.48,1.65
2023,12,5,11.7,12.73,0.21,94,8.73,1.96
2023,12,6,10.96,11.86,4.49,94.62,8.3,3.95
2023,12,7,8.85,10.29,1.27,91.25,7.08,4.26
2023,12,8,4.59,8.86,0.01,77.44,5.31,3.47
2023,12,9,2.87,9.54,0,65.31,4.64,2.55
2023,12,10,5.44,9.3,0.01,78.56,5.62,2.34
2023,12,11,8.81,10.22,0.23,92,7.39,2.28
2023,12,12,8.51,10.56,0.21,88.94,7.08,2.64
2023,12,13,6.72,10.18,0,80.81,6.1,2.81
2023,12,14,6.85,9.32,0.03,85.5,6.23,3.13
2023,12,15,6.35,9.76,0,80.62,5.92,3.62
2023,12,16,6.15,10.78,0,74.44,5.86,3.84
2023,12,17,7.12,11.41,0.13,74.94,6.29,4.16
2023,12,18,12.17,13.4,29.71,92.5,8.97,4.69
2023,12,19,12.51,13.73,6.51,92.62,9.09,4.37
2023,12,20,12.26,12.87,18.21,96.19,8.97,3.5
2023,12,21,11.12,12.67,0.38,90.94,8.24,3.05
2023,12,22,10.53,12.13,0.15,91.12,8.12,3.39
2023,12,23,7,10.45,0,80.06,6.23,2.09
2023,12,24,8.02,9.81,0.12,89.12,6.65,1.44
2023,12,25,9,10.26,0.25,92.31,7.08,1.47
2023,12,26,9.39,10.63,0.33,92.5,7.39,2.06
2023,12,27,11.83,12.44,12.48,96.25,8.67,4.44
2023,12,28,12.62,13.37,1.62,95.56,9.09,2.33
2023,12,29,12.54,13.76,23.11,92.75,9.09,4.55
2023,12,30,10.3,11.59,2.76,92.31,7.81,3.2
2023,12,31,9.54,10.49,0.29,94.06,7.39,2.02
